location_id,location_name,parameter,value,unit,datetimeUtc,datetimeLocal,timezone,latitude,longitude,country_iso,isMobile,isMonitor,owner_name,provider
11609,"Mhada Colony, Pune - IITM","co",1.38,"ppb","2025-07-24T00:15:00Z","2025-07-24T05:45:00+05:30","Asia/Kolkata",18.57304,73.927715,,,,"Indian Institute of Tropical Meteorology","CPCB"
11609,"Mhada Colony, Pune - IITM","co",1.45,"ppb","2025-07-24T00:30:00Z","2025-07-24T06:00:00+05:30","Asia/Kolkata",18.57304,73.927715,,,,"Indian Institute of Tropical Meteorology","CPCB"
11609,"Mhada Colony, Pune - IITM","co",1.43,"ppb","2025-07-24T00:45:00Z","2025-07-24T06:15:00+05:30","Asia/Kolkata",18.57304,73.927715,,,,"Indian Institute of Tropical Meteorology","CPCB"
11609,"Mhada Colony, Pune - IITM","co",1.45,"ppb","2025-07-24T01:00:00Z","2025-07-24T06:30:00+05:30","Asia/Kolkata",18.57304,73.927715,,,,"Indian Institute of Tropical Meteorology","CPCB"
11609,"Mhada Colony, Pune - IITM","co",1.53,"ppb","2025-07-24T01:15:00Z","2025-07-24T06:45:00+05:30","Asia/Kolkata",18.57304,73.927715,,,,"Indian Institute of Tropical Meteorology","CPCB"
11609,"Mhada Colony, Pune - IITM","co",1.42,"ppb","2025-07-24T01:30:00Z","2025-07-24T07:00:00+05:30","Asia/Kolkata",18.57304,73.927715,,,,"Indian Institute of Tropical Meteorology","CPCB"
11609,"Mhada Colony, Pune - IITM","co",1.46,"ppb","2025-07-24T01:45:00Z","2025-07-24T07:15:00+05:30","Asia/Kolkata",18.57304,73.927715,,,,"Indian Institute of Tropical Meteorology","CPCB"
11609,"Mhada Colony, Pune - IITM","co",1.53,"ppb","2025-07-24T02:00:00Z","2025-07-24T07:30:00+05:30","Asia/Kolkata",18.57304,73.927715,,,,"Indian Institute of Tropical Meteorology","CPCB"
11609,"Mhada Colony, Pune - IITM","co",1.53,"ppb","2025-07-24T02:15:00Z","2025-07-24T07:45:00+05:30","Asia/Kolkata",18.57304,73.927715,,,,"Indian Institute of Tropical Meteorology","CPCB"
11609,"Mhada Colony, Pune - IITM","co",1.6,"ppb","2025-07-24T02:30:00Z","2025-07-24T08:00:00+05:30","Asia/Kolkata",18.57304,73.927715,,,,"Indian Institute of Tropical Meteorology","CPCB"
11609,"Mhada Colony, Pune - IITM","co",1.59,"ppb","2025-07-24T02:45:00Z","2025-07-24T08:15:00+05:30","Asia/Kolkata",18.57304,73.927715,,,,"Indian Institute of Tropical Meteorology","CPCB"
11609,"Mhada Colony, Pune - IITM","co",1.59,"ppb","2025-07-24T03:00:00Z","2025-07-24T08:30:00+05:30","Asia/Kolkata",18.57304,73.927715,,,,"Indian Institute of Tropical Meteorology","CPCB"
11609,"Mhada Colony, Pune - IITM","co",1.63,"ppb","2025-07-24T03:15:00Z","2025-07-24T08:45:00+05:30","Asia/Kolkata",18.57304,73.927715,,,,"Indian Institute of Tropical Meteorology","CPCB"
11609,"Mhada Colony, Pune - IITM","co",1.58,"ppb","2025-07-24T03:30:00Z","2025-07-24T09:00:00+05:30","Asia/Kolkata",18.57304,73.927715,,,,"Indian Institute of Tropical Meteorology","CPCB"
11609,"Mhada Colony, Pune - IITM","co",1.8,"ppb","2025-07-24T03:45:00Z","2025-07-24T09:15:00+05:30","Asia/Kolkata",18.57304,73.927715,,,,"Indian Institute of Tropical Meteorology","CPCB"
11609,"Mhada Colony, Pune - IITM","co",1.71,"ppb","2025-07-24T04:00:00Z","2025-07-24T09:30:00+05:30","Asia/Kolkata",18.57304,73.927715,,,,"Indian Institute of Tropical Meteorology","CPCB"
11609,"Mhada Colony, Pune - IITM","co",1.59,"ppb","2025-07-24T04:15:00Z","2025-07-24T09:45:00+05:30","Asia/Kolkata",18.57304,73.927715,,,,"Indian Institute of Tropical Meteorology","CPCB"
11609,"Mhada Colony, Pune - IITM","co",1.81,"ppb","2025-07-24T04:30:00Z","2025-07-24T10:00:00+05:30","Asia/Kolkata",18.57304,73.927715,,,,"Indian Institute of Tropical Meteorology","CPCB"
11609,"Mhada Colony, Pune - IITM","co",1.6,"ppb","2025-07-24T04:45:00Z","2025-07-24T10:15:00+05:30","Asia/Kolkata",18.57304,73.927715,,,,"Indian Institute of Tropical Meteorology","CPCB"
11609,"Mhada Colony, Pune - IITM","co",1.51,"ppb","2025-07-24T05:00:00Z","2025-07-24T10:30:00+05:30","Asia/Kolkata",18.57304,73.927715,,,,"Indian Institute of Tropical Meteorology","CPCB"
11609,"Mhada Colony, Pune - IITM","co",1.6,"ppb","2025-07-24T05:15:00Z","2025-07-24T10:45:00+05:30","Asia/Kolkata",18.57304,73.927715,,,,"Indian Institute of Tropical Meteorology","CPCB"
11609,"Mhada Colony, Pune - IITM","co",1.59,"ppb","2025-07-24T05:30:00Z","2025-07-24T11:00:00+05:30","Asia/Kolkata",18.57304,73.927715,,,,"Indian Institute of Tropical Meteorology","CPCB"
11609,"Mhada Colony, Pune - IITM","co",1.58,"ppb","2025-07-24T05:45:00Z","2025-07-24T11:15:00+05:30","Asia/Kolkata",18.57304,73.927715,,,,"Indian Institute of Tropical Meteorology","CPCB"
11609,"Mhada Colony, Pune - IITM","co",1.51,"ppb","2025-07-24T06:00:00Z","2025-07-24T11:30:00+05:30","Asia/Kolkata",18.57304,73.927715,,,,"Indian Institute of Tropical Meteorology","CPCB"
11609,"Mhada Colony, Pune - IITM","co",1.48,"ppb","2025-07-24T06:15:00Z","2025-07-24T11:45:00+05:30","Asia/Kolkata",18.57304,73.927715,,,,"Indian Institute of Tropical Meteorology","CPCB"
11609,"Mhada Colony, Pune - IITM","co",1.5,"ppb","2025-07-24T06:30:00Z","2025-07-24T12:00:00+05:30","Asia/Kolkata",18.57304,73.927715,,,,"Indian Institute of Tropical Meteorology","CPCB"
11609,"Mhada Colony, Pune - IITM","co",1.48,"ppb","2025-07-24T06:45:00Z","2025-07-24T12:15:00+05:30","Asia/Kolkata",18.57304,73.927715,,,,"Indian Institute of Tropical Meteorology","CPCB"
11609,"Mhada Colony, Pune - IITM","co",1.39,"ppb","2025-07-24T07:00:00Z","2025-07-24T12:30:00+05:30","Asia/Kolkata",18.57304,73.927715,,,,"Indian Institute of Tropical Meteorology","CPCB"
11609,"Mhada Colony, Pune - IITM","co",1.46,"ppb","2025-07-24T07:15:00Z","2025-07-24T12:45:00+05:30","Asia/Kolkata",18.57304,73.927715,,,,"Indian Institute of Tropical Meteorology","CPCB"
11609,"Mhada Colony, Pune - IITM","co",1.53,"ppb","2025-07-24T07:30:00Z","2025-07-24T13:00:00+05:30","Asia/Kolkata",18.57304,73.927715,,,,"Indian Institute of Tropical Meteorology","CPCB"
11609,"Mhada Colony, Pune - IITM","co",1.52,"ppb","2025-07-24T07:45:00Z","2025-07-24T13:15:00+05:30","Asia/Kolkata",18.57304,73.927715,,,,"Indian Institute of Tropical Meteorology","CPCB"
11609,"Mhada Colony, Pune - IITM","co",1.4,"ppb","2025-07-24T08:00:00Z","2025-07-24T13:30:00+05:30","Asia/Kolkata",18.57304,73.927715,,,,"Indian Institute of Tropical Meteorology","CPCB"
11609,"Mhada Colony, Pune - IITM","co",1.46,"ppb","2025-07-24T08:15:00Z","2025-07-24T13:45:00+05:30","Asia/Kolkata",18.57304,73.927715,,,,"Indian Institute of Tropical Meteorology","CPCB"
11609,"Mhada Colony, Pune - IITM","co",1.49,"ppb","2025-07-24T08:30:00Z","2025-07-24T14:00:00+05:30","Asia/Kolkata",18.57304,73.927715,,,,"Indian Institute of Tropical Meteorology","CPCB"
11609,"Mhada Colony, Pune - IITM","co",1.42,"ppb","2025-07-24T08:45:00Z","2025-07-24T14:15:00+05:30","Asia/Kolkata",18.57304,73.927715,,,,"Indian Institute of Tropical Meteorology","CPCB"
11609,"Mhada Colony, Pune - IITM","co",1.45,"ppb","2025-07-24T09:00:00Z","2025-07-24T14:30:00+05:30","Asia/Kolkata",18.57304,73.927715,,,,"Indian Institute of Tropical Meteorology","CPCB"
11609,"Mhada Colony, Pune - IITM","co",1.39,"ppb","2025-07-24T09:15:00Z","2025-07-24T14:45:00+05:30","Asia/Kolkata",18.57304,73.927715,,,,"Indian Institute of Tropical Meteorology","CPCB"
11609,"Mhada Colony, Pune - IITM","co",1.35,"ppb","2025-07-24T09:30:00Z","2025-07-24T15:00:00+05:30","Asia/Kolkata",18.57304,73.927715,,,,"Indian Institute of Tropical Meteorology","CPCB"
11609,"Mhada Colony, Pune - IITM","co",1.35,"ppb","2025-07-24T09:45:00Z","2025-07-24T15:15:00+05:30","Asia/Kolkata",18.57304,73.927715,,,,"Indian Institute of Tropical Meteorology","CPCB"
11609,"Mhada Colony, Pune - IITM","co",1.28,"ppb","2025-07-24T10:00:00Z","2025-07-24T15:30:00+05:30","Asia/Kolkata",18.57304,73.927715,,,,"Indian Institute of Tropical Meteorology","CPCB"
11609,"Mhada Colony, Pune - IITM","co",1.51,"ppb","2025-07-24T12:15:00Z","2025-07-24T17:45:00+05:30","Asia/Kolkata",18.57304,73.927715,,,,"Indian Institute of Tropical Meteorology","CPCB"
11609,"Mhada Colony, Pune - IITM","co",1.45,"ppb","2025-07-24T12:30:00Z","2025-07-24T18:00:00+05:30","Asia/Kolkata",18.57304,73.927715,,,,"Indian Institute of Tropical Meteorology","CPCB"
11609,"Mhada Colony, Pune - IITM","co",1.56,"ppb","2025-07-24T12:45:00Z","2025-07-24T18:15:00+05:30","Asia/Kolkata",18.57304,73.927715,,,,"Indian Institute of Tropical Meteorology","CPCB"
11609,"Mhada Colony, Pune - IITM","co",1.63,"ppb","2025-07-24T13:00:00Z","2025-07-24T18:30:00+05:30","Asia/Kolkata",18.57304,73.927715,,,,"Indian Institute of Tropical Meteorology","CPCB"
11609,"Mhada Colony, Pune - IITM","co",1.52,"ppb","2025-07-24T13:15:00Z","2025-07-24T18:45:00+05:30","Asia/Kolkata",18.57304,73.927715,,,,"Indian Institute of Tropical Meteorology","CPCB"
11609,"Mhada Colony, Pune - IITM","co",1.48,"ppb","2025-07-24T13:30:00Z","2025-07-24T19:00:00+05:30","Asia/Kolkata",18.57304,73.927715,,,,"Indian Institute of Tropical Meteorology","CPCB"
11609,"Mhada Colony, Pune - IITM","co",1.49,"ppb","2025-07-24T13:45:00Z","2025-07-24T19:15:00+05:30","Asia/Kolkata",18.57304,73.927715,,,,"Indian Institute of Tropical Meteorology","CPCB"
11609,"Mhada Colony, Pune - IITM","co",1.53,"ppb","2025-07-24T14:00:00Z","2025-07-24T19:30:00+05:30","Asia/Kolkata",18.57304,73.927715,,,,"Indian Institute of Tropical Meteorology","CPCB"
11609,"Mhada Colony, Pune - IITM","co",1.54,"ppb","2025-07-24T14:15:00Z","2025-07-24T19:45:00+05:30","Asia/Kolkata",18.57304,73.927715,,,,"Indian Institute of Tropical Meteorology","CPCB"
11609,"Mhada Colony, Pune - IITM","co",1.62,"ppb","2025-07-24T14:30:00Z","2025-07-24T20:00:00+05:30","Asia/Kolkata",18.57304,73.927715,,,,"Indian Institute of Tropical Meteorology","CPCB"
11609,"Mhada Colony, Pune - IITM","co",1.68,"ppb","2025-07-24T14:45:00Z","2025-07-24T20:15:00+05:30","Asia/Kolkata",18.57304,73.927715,,,,"Indian Institute of Tropical Meteorology","CPCB"
11609,"Mhada Colony, Pune - IITM","co",1.46,"ppb","2025-07-24T15:00:00Z","2025-07-24T20:30:00+05:30","Asia/Kolkata",18.57304,73.927715,,,,"Indian Institute of Tropical Meteorology","CPCB"
11609,"Mhada Colony, Pune - IITM","co",1.51,"ppb","2025-07-24T15:15:00Z","2025-07-24T20:45:00+05:30","Asia/Kolkata",18.57304,73.927715,,,,"Indian Institute of Tropical Meteorology","CPCB"
11609,"Mhada Colony, Pune - IITM","co",1.51,"ppb","2025-07-24T15:30:00Z","2025-07-24T21:00:00+05:30","Asia/Kolkata",18.57304,73.927715,,,,"Indian Institute of Tropical Meteorology","CPCB"
11609,"Mhada Colony, Pune - IITM","co",1.8,"ppb","2025-07-24T15:45:00Z","2025-07-24T21:15:00+05:30","Asia/Kolkata",18.57304,73.927715,,,,"Indian Institute of Tropical Meteorology","CPCB"
11609,"Mhada Colony, Pune - IITM","co",1.77,"ppb","2025-07-24T16:00:00Z","2025-07-24T21:30:00+05:30","Asia/Kolkata",18.57304,73.927715,,,,"Indian Institute of Tropical Meteorology","CPCB"
11609,"Mhada Colony, Pune - IITM","co",1.77,"ppb","2025-07-24T16:15:00Z","2025-07-24T21:45:00+05:30","Asia/Kolkata",18.57304,73.927715,,,,"Indian Institute of Tropical Meteorology","CPCB"
11609,"Mhada Colony, Pune - IITM","co",1.75,"ppb","2025-07-24T16:30:00Z","2025-07-24T22:00:00+05:30","Asia/Kolkata",18.57304,73.927715,,,,"Indian Institute of Tropical Meteorology","CPCB"
11609,"Mhada Colony, Pune - IITM","co",1.75,"ppb","2025-07-24T16:45:00Z","2025-07-24T22:15:00+05:30","Asia/Kolkata",18.57304,73.927715,,,,"Indian Institute of Tropical Meteorology","CPCB"
11609,"Mhada Colony, Pune - IITM","co",1.54,"ppb","2025-07-24T17:00:00Z","2025-07-24T22:30:00+05:30","Asia/Kolkata",18.57304,73.927715,,,,"Indian Institute of Tropical Meteorology","CPCB"
11609,"Mhada Colony, Pune - IITM","co",1.57,"ppb","2025-07-24T17:15:00Z","2025-07-24T22:45:00+05:30","Asia/Kolkata",18.57304,73.927715,,,,"Indian Institute of Tropical Meteorology","CPCB"
11609,"Mhada Colony, Pune - IITM","co",1.56,"ppb","2025-07-24T17:30:00Z","2025-07-24T23:00:00+05:30","Asia/Kolkata",18.57304,73.927715,,,,"Indian Institute of Tropical Meteorology","CPCB"
11609,"Mhada Colony, Pune - IITM","co",1.53,"ppb","2025-07-24T17:45:00Z","2025-07-24T23:15:00+05:30","Asia/Kolkata",18.57304,73.927715,,,,"Indian Institute of Tropical Meteorology","CPCB"
11609,"Mhada Colony, Pune - IITM","co",1.58,"ppb","2025-07-24T18:00:00Z","2025-07-24T23:30:00+05:30","Asia/Kolkata",18.57304,73.927715,,,,"Indian Institute of Tropical Meteorology","CPCB"
11609,"Mhada Colony, Pune - IITM","co",1.47,"ppb","2025-07-24T19:15:00Z","2025-07-25T00:45:00+05:30","Asia/Kolkata",18.57304,73.927715,,,,"Indian Institute of Tropical Meteorology","CPCB"
11609,"Mhada Colony, Pune - IITM","co",1.46,"ppb","2025-07-24T19:30:00Z","2025-07-25T01:00:00+05:30","Asia/Kolkata",18.57304,73.927715,,,,"Indian Institute of Tropical Meteorology","CPCB"
11609,"Mhada Colony, Pune - IITM","co",1.5,"ppb","2025-07-24T19:45:00Z","2025-07-25T01:15:00+05:30","Asia/Kolkata",18.57304,73.927715,,,,"Indian Institute of Tropical Meteorology","CPCB"
11609,"Mhada Colony, Pune - IITM","co",1.46,"ppb","2025-07-24T20:00:00Z","2025-07-25T01:30:00+05:30","Asia/Kolkata",18.57304,73.927715,,,,"Indian Institute of Tropical Meteorology","CPCB"
11609,"Mhada Colony, Pune - IITM","co",1.47,"ppb","2025-07-24T20:15:00Z","2025-07-25T01:45:00+05:30","Asia/Kolkata",18.57304,73.927715,,,,"Indian Institute of Tropical Meteorology","CPCB"
11609,"Mhada Colony, Pune - IITM","co",1.48,"ppb","2025-07-24T20:30:00Z","2025-07-25T02:00:00+05:30","Asia/Kolkata",18.57304,73.927715,,,,"Indian Institute of Tropical Meteorology","CPCB"
11609,"Mhada Colony, Pune - IITM","co",1.43,"ppb","2025-07-24T20:45:00Z","2025-07-25T02:15:00+05:30","Asia/Kolkata",18.57304,73.927715,,,,"Indian Institute of Tropical Meteorology","CPCB"
11609,"Mhada Colony, Pune - IITM","co",1.41,"ppb","2025-07-24T21:00:00Z","2025-07-25T02:30:00+05:30","Asia/Kolkata",18.57304,73.927715,,,,"Indian Institute of Tropical Meteorology","CPCB"
11609,"Mhada Colony, Pune - IITM","co",1.33,"ppb","2025-07-24T21:15:00Z","2025-07-25T02:45:00+05:30","Asia/Kolkata",18.57304,73.927715,,,,"Indian Institute of Tropical Meteorology","CPCB"
11609,"Mhada Colony, Pune - IITM","co",1.37,"ppb","2025-07-24T21:30:00Z","2025-07-25T03:00:00+05:30","Asia/Kolkata",18.57304,73.927715,,,,"Indian Institute of Tropical Meteorology","CPCB"
11609,"Mhada Colony, Pune - IITM","co",1.33,"ppb","2025-07-24T21:45:00Z","2025-07-25T03:15:00+05:30","Asia/Kolkata",18.57304,73.927715,,,,"Indian Institute of Tropical Meteorology","CPCB"
11609,"Mhada Colony, Pune - IITM","co",1.39,"ppb","2025-07-24T22:00:00Z","2025-07-25T03:30:00+05:30","Asia/Kolkata",18.57304,73.927715,,,,"Indian Institute of Tropical Meteorology","CPCB"
11609,"Mhada Colony, Pune - IITM","co",1.36,"ppb","2025-07-24T22:15:00Z","2025-07-25T03:45:00+05:30","Asia/Kolkata",18.57304,73.927715,,,,"Indian Institute of Tropical Meteorology","CPCB"
11609,"Mhada Colony, Pune - IITM","co",1.34,"ppb","2025-07-24T22:30:00Z","2025-07-25T04:00:00+05:30","Asia/Kolkata",18.57304,73.927715,,,,"Indian Institute of Tropical Meteorology","CPCB"
11609,"Mhada Colony, Pune - IITM","co",1.37,"ppb","2025-07-24T22:45:00Z","2025-07-25T04:15:00+05:30","Asia/Kolkata",18.57304,73.927715,,,,"Indian Institute of Tropical Meteorology","CPCB"
11609,"Mhada Colony, Pune - IITM","co",1.33,"ppb","2025-07-24T23:00:00Z","2025-07-25T04:30:00+05:30","Asia/Kolkata",18.57304,73.927715,,,,"Indian Institute of Tropical Meteorology","CPCB"
11609,"Mhada Colony, Pune - IITM","co",1.38,"ppb","2025-07-24T23:15:00Z","2025-07-25T04:45:00+05:30","Asia/Kolkata",18.57304,73.927715,,,,"Indian Institute of Tropical Meteorology","CPCB"
11609,"Mhada Colony, Pune - IITM","co",1.41,"ppb","2025-07-24T23:30:00Z","2025-07-25T05:00:00+05:30","Asia/Kolkata",18.57304,73.927715,,,,"Indian Institute of Tropical Meteorology","CPCB"
11609,"Mhada Colony, Pune - IITM","co",1.43,"ppb","2025-07-24T23:45:00Z","2025-07-25T05:15:00+05:30","Asia/Kolkata",18.57304,73.927715,,,,"Indian Institute of Tropical Meteorology","CPCB"
11609,"Mhada Colony, Pune - IITM","co",1.45,"ppb","2025-07-25T00:00:00Z","2025-07-25T05:30:00+05:30","Asia/Kolkata",18.57304,73.927715,,,,"Indian Institute of Tropical Meteorology","CPCB"
11609,"Mhada Colony, Pune - IITM","no",11.69,"ppb","2025-07-24T00:15:00Z","2025-07-24T05:45:00+05:30","Asia/Kolkata",18.57304,73.927715,,,,"Indian Institute of Tropical Meteorology","CPCB"
11609,"Mhada Colony, Pune - IITM","no",15.38,"ppb","2025-07-24T00:30:00Z","2025-07-24T06:00:00+05:30","Asia/Kolkata",18.57304,73.927715,,,,"Indian Institute of Tropical Meteorology","CPCB"
11609,"Mhada Colony, Pune - IITM","no",10.07,"ppb","2025-07-24T00:45:00Z","2025-07-24T06:15:00+05:30","Asia/Kolkata",18.57304,73.927715,,,,"Indian Institute of Tropical Meteorology","CPCB"
11609,"Mhada Colony, Pune - IITM","no",18.81,"ppb","2025-07-24T01:00:00Z","2025-07-24T06:30:00+05:30","Asia/Kolkata",18.57304,73.927715,,,,"Indian Institute of Tropical Meteorology","CPCB"
11609,"Mhada Colony, Pune - IITM","no",20.87,"ppb","2025-07-24T01:15:00Z","2025-07-24T06:45:00+05:30","Asia/Kolkata",18.57304,73.927715,,,,"Indian Institute of Tropical Meteorology","CPCB"
11609,"Mhada Colony, Pune - IITM","no",12.67,"ppb","2025-07-24T01:30:00Z","2025-07-24T07:00:00+05:30","Asia/Kolkata",18.57304,73.927715,,,,"Indian Institute of Tropical Meteorology","CPCB"
11609,"Mhada Colony, Pune - IITM","no",9.78,"ppb","2025-07-24T01:45:00Z","2025-07-24T07:15:00+05:30","Asia/Kolkata",18.57304,73.927715,,,,"Indian Institute of Tropical Meteorology","CPCB"
11609,"Mhada Colony, Pune - IITM","no",9.61,"ppb","2025-07-24T02:00:00Z","2025-07-24T07:30:00+05:30","Asia/Kolkata",18.57304,73.927715,,,,"Indian Institute of Tropical Meteorology","CPCB"
11609,"Mhada Colony, Pune - IITM","no",9.46,"ppb","2025-07-24T02:15:00Z","2025-07-24T07:45:00+05:30","Asia/Kolkata",18.57304,73.927715,,,,"Indian Institute of Tropical Meteorology","CPCB"
11609,"Mhada Colony, Pune - IITM","no",11.48,"ppb","2025-07-24T02:30:00Z","2025-07-24T08:00:00+05:30","Asia/Kolkata",18.57304,73.927715,,,,"Indian Institute of Tropical Meteorology","CPCB"
11609,"Mhada Colony, Pune - IITM","no",11.85,"ppb","2025-07-24T02:45:00Z","2025-07-24T08:15:00+05:30","Asia/Kolkata",18.57304,73.927715,,,,"Indian Institute of Tropical Meteorology","CPCB"
11609,"Mhada Colony, Pune - IITM","no",12.47,"ppb","2025-07-24T03:00:00Z","2025-07-24T08:30:00+05:30","Asia/Kolkata",18.57304,73.927715,,,,"Indian Institute of Tropical Meteorology","CPCB"
11609,"Mhada Colony, Pune - IITM","no",9.76,"ppb","2025-07-24T03:15:00Z","2025-07-24T08:45:00+05:30","Asia/Kolkata",18.57304,73.927715,,,,"Indian Institute of Tropical Meteorology","CPCB"
11609,"Mhada Colony, Pune - IITM","no",9.92,"ppb","2025-07-24T03:30:00Z","2025-07-24T09:00:00+05:30","Asia/Kolkata",18.57304,73.927715,,,,"Indian Institute of Tropical Meteorology","CPCB"
11609,"Mhada Colony, Pune - IITM","no",13.44,"ppb","2025-07-24T03:45:00Z","2025-07-24T09:15:00+05:30","Asia/Kolkata",18.57304,73.927715,,,,"Indian Institute of Tropical Meteorology","CPCB"
11609,"Mhada Colony, Pune - IITM","no",17.03,"ppb","2025-07-24T04:00:00Z","2025-07-24T09:30:00+05:30","Asia/Kolkata",18.57304,73.927715,,,,"Indian Institute of Tropical Meteorology","CPCB"
11609,"Mhada Colony, Pune - IITM","no",14.93,"ppb","2025-07-24T04:15:00Z","2025-07-24T09:45:00+05:30","Asia/Kolkata",18.57304,73.927715,,,,"Indian Institute of Tropical Meteorology","CPCB"
11609,"Mhada Colony, Pune - IITM","no",21.99,"ppb","2025-07-24T04:30:00Z","2025-07-24T10:00:00+05:30","Asia/Kolkata",18.57304,73.927715,,,,"Indian Institute of Tropical Meteorology","CPCB"
11609,"Mhada Colony, Pune - IITM","no",12.17,"ppb","2025-07-24T04:45:00Z","2025-07-24T10:15:00+05:30","Asia/Kolkata",18.57304,73.927715,,,,"Indian Institute of Tropical Meteorology","CPCB"
11609,"Mhada Colony, Pune - IITM","no",12.22,"ppb","2025-07-24T05:00:00Z","2025-07-24T10:30:00+05:30","Asia/Kolkata",18.57304,73.927715,,,,"Indian Institute of Tropical Meteorology","CPCB"
11609,"Mhada Colony, Pune - IITM","no",16.68,"ppb","2025-07-24T05:15:00Z","2025-07-24T10:45:00+05:30","Asia/Kolkata",18.57304,73.927715,,,,"Indian Institute of Tropical Meteorology","CPCB"
11609,"Mhada Colony, Pune - IITM","no",12.02,"ppb","2025-07-24T05:30:00Z","2025-07-24T11:00:00+05:30","Asia/Kolkata",18.57304,73.927715,,,,"Indian Institute of Tropical Meteorology","CPCB"
11609,"Mhada Colony, Pune - IITM","no",11.91,"ppb","2025-07-24T05:45:00Z","2025-07-24T11:15:00+05:30","Asia/Kolkata",18.57304,73.927715,,,,"Indian Institute of Tropical Meteorology","CPCB"
11609,"Mhada Colony, Pune - IITM","no",14.42,"ppb","2025-07-24T06:00:00Z","2025-07-24T11:30:00+05:30","Asia/Kolkata",18.57304,73.927715,,,,"Indian Institute of Tropical Meteorology","CPCB"
11609,"Mhada Colony, Pune - IITM","no",13.22,"ppb","2025-07-24T06:15:00Z","2025-07-24T11:45:00+05:30","Asia/Kolkata",18.57304,73.927715,,,,"Indian Institute of Tropical Meteorology","CPCB"
11609,"Mhada Colony, Pune - IITM","no",9.98,"ppb","2025-07-24T06:30:00Z","2025-07-24T12:00:00+05:30","Asia/Kolkata",18.57304,73.927715,,,,"Indian Institute of Tropical Meteorology","CPCB"
11609,"Mhada Colony, Pune - IITM","no",8.52,"ppb","2025-07-24T06:45:00Z","2025-07-24T12:15:00+05:30","Asia/Kolkata",18.57304,73.927715,,,,"Indian Institute of Tropical Meteorology","CPCB"
11609,"Mhada Colony, Pune - IITM","no",7.83,"ppb","2025-07-24T07:00:00Z","2025-07-24T12:30:00+05:30","Asia/Kolkata",18.57304,73.927715,,,,"Indian Institute of Tropical Meteorology","CPCB"
11609,"Mhada Colony, Pune - IITM","no",11.55,"ppb","2025-07-24T07:15:00Z","2025-07-24T12:45:00+05:30","Asia/Kolkata",18.57304,73.927715,,,,"Indian Institute of Tropical Meteorology","CPCB"
11609,"Mhada Colony, Pune - IITM","no",12.14,"ppb","2025-07-24T07:30:00Z","2025-07-24T13:00:00+05:30","Asia/Kolkata",18.57304,73.927715,,,,"Indian Institute of Tropical Meteorology","CPCB"
11609,"Mhada Colony, Pune - IITM","no",10.85,"ppb","2025-07-24T07:45:00Z","2025-07-24T13:15:00+05:30","Asia/Kolkata",18.57304,73.927715,,,,"Indian Institute of Tropical Meteorology","CPCB"
11609,"Mhada Colony, Pune - IITM","no",9.76,"ppb","2025-07-24T08:00:00Z","2025-07-24T13:30:00+05:30","Asia/Kolkata",18.57304,73.927715,,,,"Indian Institute of Tropical Meteorology","CPCB"
11609,"Mhada Colony, Pune - IITM","no",10.4,"ppb","2025-07-24T08:15:00Z","2025-07-24T13:45:00+05:30","Asia/Kolkata",18.57304,73.927715,,,,"Indian Institute of Tropical Meteorology","CPCB"
11609,"Mhada Colony, Pune - IITM","no",14.3,"ppb","2025-07-24T08:30:00Z","2025-07-24T14:00:00+05:30","Asia/Kolkata",18.57304,73.927715,,,,"Indian Institute of Tropical Meteorology","CPCB"
11609,"Mhada Colony, Pune - IITM","no",15.07,"ppb","2025-07-24T08:45:00Z","2025-07-24T14:15:00+05:30","Asia/Kolkata",18.57304,73.927715,,,,"Indian Institute of Tropical Meteorology","CPCB"
11609,"Mhada Colony, Pune - IITM","no",14.38,"ppb","2025-07-24T09:00:00Z","2025-07-24T14:30:00+05:30","Asia/Kolkata",18.57304,73.927715,,,,"Indian Institute of Tropical Meteorology","CPCB"
11609,"Mhada Colony, Pune - IITM","no",13.97,"ppb","2025-07-24T09:15:00Z","2025-07-24T14:45:00+05:30","Asia/Kolkata",18.57304,73.927715,,,,"Indian Institute of Tropical Meteorology","CPCB"
11609,"Mhada Colony, Pune - IITM","no",10.89,"ppb","2025-07-24T09:30:00Z","2025-07-24T15:00:00+05:30","Asia/Kolkata",18.57304,73.927715,,,,"Indian Institute of Tropical Meteorology","CPCB"
11609,"Mhada Colony, Pune - IITM","no",8.87,"ppb","2025-07-24T09:45:00Z","2025-07-24T15:15:00+05:30","Asia/Kolkata",18.57304,73.927715,,,,"Indian Institute of Tropical Meteorology","CPCB"
11609,"Mhada Colony, Pune - IITM","no",9.64,"ppb","2025-07-24T10:00:00Z","2025-07-24T15:30:00+05:30","Asia/Kolkata",18.57304,73.927715,,,,"Indian Institute of Tropical Meteorology","CPCB"
11609,"Mhada Colony, Pune - IITM","no",17.86,"ppb","2025-07-24T12:15:00Z","2025-07-24T17:45:00+05:30","Asia/Kolkata",18.57304,73.927715,,,,"Indian Institute of Tropical Meteorology","CPCB"
11609,"Mhada Colony, Pune - IITM","no",13.98,"ppb","2025-07-24T12:30:00Z","2025-07-24T18:00:00+05:30","Asia/Kolkata",18.57304,73.927715,,,,"Indian Institute of Tropical Meteorology","CPCB"
11609,"Mhada Colony, Pune - IITM","no",14.71,"ppb","2025-07-24T12:45:00Z","2025-07-24T18:15:00+05:30","Asia/Kolkata",18.57304,73.927715,,,,"Indian Institute of Tropical Meteorology","CPCB"
11609,"Mhada Colony, Pune - IITM","no",21.78,"ppb","2025-07-24T13:00:00Z","2025-07-24T18:30:00+05:30","Asia/Kolkata",18.57304,73.927715,,,,"Indian Institute of Tropical Meteorology","CPCB"
11609,"Mhada Colony, Pune - IITM","no",14.8,"ppb","2025-07-24T13:15:00Z","2025-07-24T18:45:00+05:30","Asia/Kolkata",18.57304,73.927715,,,,"Indian Institute of Tropical Meteorology","CPCB"
11609,"Mhada Colony, Pune - IITM","no",12.58,"ppb","2025-07-24T13:30:00Z","2025-07-24T19:00:00+05:30","Asia/Kolkata",18.57304,73.927715,,,,"Indian Institute of Tropical Meteorology","CPCB"
11609,"Mhada Colony, Pune - IITM","no",10.43,"ppb","2025-07-24T13:45:00Z","2025-07-24T19:15:00+05:30","Asia/Kolkata",18.57304,73.927715,,,,"Indian Institute of Tropical Meteorology","CPCB"
11609,"Mhada Colony, Pune - IITM","no",11.32,"ppb","2025-07-24T14:00:00Z","2025-07-24T19:30:00+05:30","Asia/Kolkata",18.57304,73.927715,,,,"Indian Institute of Tropical Meteorology","CPCB"
11609,"Mhada Colony, Pune - IITM","no",14.16,"ppb","2025-07-24T14:15:00Z","2025-07-24T19:45:00+05:30","Asia/Kolkata",18.57304,73.927715,,,,"Indian Institute of Tropical Meteorology","CPCB"
11609,"Mhada Colony, Pune - IITM","no",18.2,"ppb","2025-07-24T14:30:00Z","2025-07-24T20:00:00+05:30","Asia/Kolkata",18.57304,73.927715,,,,"Indian Institute of Tropical Meteorology","CPCB"
11609,"Mhada Colony, Pune - IITM","no",20.34,"ppb","2025-07-24T14:45:00Z","2025-07-24T20:15:00+05:30","Asia/Kolkata",18.57304,73.927715,,,,"Indian Institute of Tropical Meteorology","CPCB"
11609,"Mhada Colony, Pune - IITM","no",14.22,"ppb","2025-07-24T15:00:00Z","2025-07-24T20:30:00+05:30","Asia/Kolkata",18.57304,73.927715,,,,"Indian Institute of Tropical Meteorology","CPCB"
11609,"Mhada Colony, Pune - IITM","no",12.56,"ppb","2025-07-24T15:15:00Z","2025-07-24T20:45:00+05:30","Asia/Kolkata",18.57304,73.927715,,,,"Indian Institute of Tropical Meteorology","CPCB"
11609,"Mhada Colony, Pune - IITM","no",10.1,"ppb","2025-07-24T15:30:00Z","2025-07-24T21:00:00+05:30","Asia/Kolkata",18.57304,73.927715,,,,"Indian Institute of Tropical Meteorology","CPCB"
11609,"Mhada Colony, Pune - IITM","no",13.99,"ppb","2025-07-24T15:45:00Z","2025-07-24T21:15:00+05:30","Asia/Kolkata",18.57304,73.927715,,,,"Indian Institute of Tropical Meteorology","CPCB"
11609,"Mhada Colony, Pune - IITM","no",21.28,"ppb","2025-07-24T16:00:00Z","2025-07-24T21:30:00+05:30","Asia/Kolkata",18.57304,73.927715,,,,"Indian Institute of Tropical Meteorology","CPCB"
11609,"Mhada Colony, Pune - IITM","no",19.86,"ppb","2025-07-24T16:15:00Z","2025-07-24T21:45:00+05:30","Asia/Kolkata",18.57304,73.927715,,,,"Indian Institute of Tropical Meteorology","CPCB"
11609,"Mhada Colony, Pune - IITM","no",19.73,"ppb","2025-07-24T16:30:00Z","2025-07-24T22:00:00+05:30","Asia/Kolkata",18.57304,73.927715,,,,"Indian Institute of Tropical Meteorology","CPCB"
11609,"Mhada Colony, Pune - IITM","no",25.38,"ppb","2025-07-24T16:45:00Z","2025-07-24T22:15:00+05:30","Asia/Kolkata",18.57304,73.927715,,,,"Indian Institute of Tropical Meteorology","CPCB"
11609,"Mhada Colony, Pune - IITM","no",21.62,"ppb","2025-07-24T17:00:00Z","2025-07-24T22:30:00+05:30","Asia/Kolkata",18.57304,73.927715,,,,"Indian Institute of Tropical Meteorology","CPCB"
11609,"Mhada Colony, Pune - IITM","no",28.92,"ppb","2025-07-24T17:15:00Z","2025-07-24T22:45:00+05:30","Asia/Kolkata",18.57304,73.927715,,,,"Indian Institute of Tropical Meteorology","CPCB"
11609,"Mhada Colony, Pune - IITM","no",19.73,"ppb","2025-07-24T17:30:00Z","2025-07-24T23:00:00+05:30","Asia/Kolkata",18.57304,73.927715,,,,"Indian Institute of Tropical Meteorology","CPCB"
11609,"Mhada Colony, Pune - IITM","no",16.14,"ppb","2025-07-24T17:45:00Z","2025-07-24T23:15:00+05:30","Asia/Kolkata",18.57304,73.927715,,,,"Indian Institute of Tropical Meteorology","CPCB"
11609,"Mhada Colony, Pune - IITM","no",14.76,"ppb","2025-07-24T18:00:00Z","2025-07-24T23:30:00+05:30","Asia/Kolkata",18.57304,73.927715,,,,"Indian Institute of Tropical Meteorology","CPCB"
11609,"Mhada Colony, Pune - IITM","no",14.22,"ppb","2025-07-24T19:15:00Z","2025-07-25T00:45:00+05:30","Asia/Kolkata",18.57304,73.927715,,,,"Indian Institute of Tropical Meteorology","CPCB"
11609,"Mhada Colony, Pune - IITM","no",13.81,"ppb","2025-07-24T19:30:00Z","2025-07-25T01:00:00+05:30","Asia/Kolkata",18.57304,73.927715,,,,"Indian Institute of Tropical Meteorology","CPCB"
11609,"Mhada Colony, Pune - IITM","no",13.54,"ppb","2025-07-24T19:45:00Z","2025-07-25T01:15:00+05:30","Asia/Kolkata",18.57304,73.927715,,,,"Indian Institute of Tropical Meteorology","CPCB"
11609,"Mhada Colony, Pune - IITM","no",13.27,"ppb","2025-07-24T20:00:00Z","2025-07-25T01:30:00+05:30","Asia/Kolkata",18.57304,73.927715,,,,"Indian Institute of Tropical Meteorology","CPCB"
11609,"Mhada Colony, Pune - IITM","no",12.46,"ppb","2025-07-24T20:15:00Z","2025-07-25T01:45:00+05:30","Asia/Kolkata",18.57304,73.927715,,,,"Indian Institute of Tropical Meteorology","CPCB"
11609,"Mhada Colony, Pune - IITM","no",15.19,"ppb","2025-07-24T20:30:00Z","2025-07-25T02:00:00+05:30","Asia/Kolkata",18.57304,73.927715,,,,"Indian Institute of Tropical Meteorology","CPCB"
11609,"Mhada Colony, Pune - IITM","no",14.79,"ppb","2025-07-24T20:45:00Z","2025-07-25T02:15:00+05:30","Asia/Kolkata",18.57304,73.927715,,,,"Indian Institute of Tropical Meteorology","CPCB"
11609,"Mhada Colony, Pune - IITM","no",13.76,"ppb","2025-07-24T21:00:00Z","2025-07-25T02:30:00+05:30","Asia/Kolkata",18.57304,73.927715,,,,"Indian Institute of Tropical Meteorology","CPCB"
11609,"Mhada Colony, Pune - IITM","no",10.91,"ppb","2025-07-24T21:15:00Z","2025-07-25T02:45:00+05:30","Asia/Kolkata",18.57304,73.927715,,,,"Indian Institute of Tropical Meteorology","CPCB"
11609,"Mhada Colony, Pune - IITM","no",10.2,"ppb","2025-07-24T21:30:00Z","2025-07-25T03:00:00+05:30","Asia/Kolkata",18.57304,73.927715,,,,"Indian Institute of Tropical Meteorology","CPCB"
11609,"Mhada Colony, Pune - IITM","no",9.88,"ppb","2025-07-24T21:45:00Z","2025-07-25T03:15:00+05:30","Asia/Kolkata",18.57304,73.927715,,,,"Indian Institute of Tropical Meteorology","CPCB"
11609,"Mhada Colony, Pune - IITM","no",10.18,"ppb","2025-07-24T22:00:00Z","2025-07-25T03:30:00+05:30","Asia/Kolkata",18.57304,73.927715,,,,"Indian Institute of Tropical Meteorology","CPCB"
11609,"Mhada Colony, Pune - IITM","no",10.3,"ppb","2025-07-24T22:15:00Z","2025-07-25T03:45:00+05:30","Asia/Kolkata",18.57304,73.927715,,,,"Indian Institute of Tropical Meteorology","CPCB"
11609,"Mhada Colony, Pune - IITM","no",9.37,"ppb","2025-07-24T22:30:00Z","2025-07-25T04:00:00+05:30","Asia/Kolkata",18.57304,73.927715,,,,"Indian Institute of Tropical Meteorology","CPCB"
11609,"Mhada Colony, Pune - IITM","no",9.47,"ppb","2025-07-24T22:45:00Z","2025-07-25T04:15:00+05:30","Asia/Kolkata",18.57304,73.927715,,,,"Indian Institute of Tropical Meteorology","CPCB"
11609,"Mhada Colony, Pune - IITM","no",9.58,"ppb","2025-07-24T23:00:00Z","2025-07-25T04:30:00+05:30","Asia/Kolkata",18.57304,73.927715,,,,"Indian Institute of Tropical Meteorology","CPCB"
11609,"Mhada Colony, Pune - IITM","no",9.23,"ppb","2025-07-24T23:15:00Z","2025-07-25T04:45:00+05:30","Asia/Kolkata",18.57304,73.927715,,,,"Indian Institute of Tropical Meteorology","CPCB"
11609,"Mhada Colony, Pune - IITM","no",9.38,"ppb","2025-07-24T23:30:00Z","2025-07-25T05:00:00+05:30","Asia/Kolkata",18.57304,73.927715,,,,"Indian Institute of Tropical Meteorology","CPCB"
11609,"Mhada Colony, Pune - IITM","no",9.94,"ppb","2025-07-24T23:45:00Z","2025-07-25T05:15:00+05:30","Asia/Kolkata",18.57304,73.927715,,,,"Indian Institute of Tropical Meteorology","CPCB"
11609,"Mhada Colony, Pune - IITM","no",19.91,"ppb","2025-07-25T00:00:00Z","2025-07-25T05:30:00+05:30","Asia/Kolkata",18.57304,73.927715,,,,"Indian Institute of Tropical Meteorology","CPCB"
11609,"Mhada Colony, Pune - IITM","no2",30.85,"ppb","2025-07-24T00:15:00Z","2025-07-24T05:45:00+05:30","Asia/Kolkata",18.57304,73.927715,,,,"Indian Institute of Tropical Meteorology","CPCB"
11609,"Mhada Colony, Pune - IITM","no2",31.31,"ppb","2025-07-24T00:30:00Z","2025-07-24T06:00:00+05:30","Asia/Kolkata",18.57304,73.927715,,,,"Indian Institute of Tropical Meteorology","CPCB"
11609,"Mhada Colony, Pune - IITM","no2",30.65,"ppb","2025-07-24T00:45:00Z","2025-07-24T06:15:00+05:30","Asia/Kolkata",18.57304,73.927715,,,,"Indian Institute of Tropical Meteorology","CPCB"
11609,"Mhada Colony, Pune - IITM","no2",33.73,"ppb","2025-07-24T01:00:00Z","2025-07-24T06:30:00+05:30","Asia/Kolkata",18.57304,73.927715,,,,"Indian Institute of Tropical Meteorology","CPCB"
11609,"Mhada Colony, Pune - IITM","no2",33.87,"ppb","2025-07-24T01:15:00Z","2025-07-24T06:45:00+05:30","Asia/Kolkata",18.57304,73.927715,,,,"Indian Institute of Tropical Meteorology","CPCB"
11609,"Mhada Colony, Pune - IITM","no2",35.9,"ppb","2025-07-24T01:30:00Z","2025-07-24T07:00:00+05:30","Asia/Kolkata",18.57304,73.927715,,,,"Indian Institute of Tropical Meteorology","CPCB"
11609,"Mhada Colony, Pune - IITM","no2",34.87,"ppb","2025-07-24T01:45:00Z","2025-07-24T07:15:00+05:30","Asia/Kolkata",18.57304,73.927715,,,,"Indian Institute of Tropical Meteorology","CPCB"
11609,"Mhada Colony, Pune - IITM","no2",35.71,"ppb","2025-07-24T02:00:00Z","2025-07-24T07:30:00+05:30","Asia/Kolkata",18.57304,73.927715,,,,"Indian Institute of Tropical Meteorology","CPCB"
11609,"Mhada Colony, Pune - IITM","no2",36.17,"ppb","2025-07-24T02:15:00Z","2025-07-24T07:45:00+05:30","Asia/Kolkata",18.57304,73.927715,,,,"Indian Institute of Tropical Meteorology","CPCB"
11609,"Mhada Colony, Pune - IITM","no2",40.83,"ppb","2025-07-24T02:30:00Z","2025-07-24T08:00:00+05:30","Asia/Kolkata",18.57304,73.927715,,,,"Indian Institute of Tropical Meteorology","CPCB"
11609,"Mhada Colony, Pune - IITM","no2",43.55,"ppb","2025-07-24T02:45:00Z","2025-07-24T08:15:00+05:30","Asia/Kolkata",18.57304,73.927715,,,,"Indian Institute of Tropical Meteorology","CPCB"
11609,"Mhada Colony, Pune - IITM","no2",38.82,"ppb","2025-07-24T03:00:00Z","2025-07-24T08:30:00+05:30","Asia/Kolkata",18.57304,73.927715,,,,"Indian Institute of Tropical Meteorology","CPCB"
11609,"Mhada Colony, Pune - IITM","no2",37.41,"ppb","2025-07-24T03:15:00Z","2025-07-24T08:45:00+05:30","Asia/Kolkata",18.57304,73.927715,,,,"Indian Institute of Tropical Meteorology","CPCB"
11609,"Mhada Colony, Pune - IITM","no2",41.57,"ppb","2025-07-24T03:30:00Z","2025-07-24T09:00:00+05:30","Asia/Kolkata",18.57304,73.927715,,,,"Indian Institute of Tropical Meteorology","CPCB"
11609,"Mhada Colony, Pune - IITM","no2",40.62,"ppb","2025-07-24T03:45:00Z","2025-07-24T09:15:00+05:30","Asia/Kolkata",18.57304,73.927715,,,,"Indian Institute of Tropical Meteorology","CPCB"
11609,"Mhada Colony, Pune - IITM","no2",42.77,"ppb","2025-07-24T04:00:00Z","2025-07-24T09:30:00+05:30","Asia/Kolkata",18.57304,73.927715,,,,"Indian Institute of Tropical Meteorology","CPCB"
11609,"Mhada Colony, Pune - IITM","no2",38.27,"ppb","2025-07-24T04:15:00Z","2025-07-24T09:45:00+05:30","Asia/Kolkata",18.57304,73.927715,,,,"Indian Institute of Tropical Meteorology","CPCB"
11609,"Mhada Colony, Pune - IITM","no2",38.67,"ppb","2025-07-24T04:30:00Z","2025-07-24T10:00:00+05:30","Asia/Kolkata",18.57304,73.927715,,,,"Indian Institute of Tropical Meteorology","CPCB"
11609,"Mhada Colony, Pune - IITM","no2",36.53,"ppb","2025-07-24T04:45:00Z","2025-07-24T10:15:00+05:30","Asia/Kolkata",18.57304,73.927715,,,,"Indian Institute of Tropical Meteorology","CPCB"
11609,"Mhada Colony, Pune - IITM","no2",37.1,"ppb","2025-07-24T05:00:00Z","2025-07-24T10:30:00+05:30","Asia/Kolkata",18.57304,73.927715,,,,"Indian Institute of Tropical Meteorology","CPCB"
11609,"Mhada Colony, Pune - IITM","no2",40.05,"ppb","2025-07-24T05:15:00Z","2025-07-24T10:45:00+05:30","Asia/Kolkata",18.57304,73.927715,,,,"Indian Institute of Tropical Meteorology","CPCB"
11609,"Mhada Colony, Pune - IITM","no2",36.19,"ppb","2025-07-24T05:30:00Z","2025-07-24T11:00:00+05:30","Asia/Kolkata",18.57304,73.927715,,,,"Indian Institute of Tropical Meteorology","CPCB"
11609,"Mhada Colony, Pune - IITM","no2",36.73,"ppb","2025-07-24T05:45:00Z","2025-07-24T11:15:00+05:30","Asia/Kolkata",18.57304,73.927715,,,,"Indian Institute of Tropical Meteorology","CPCB"
11609,"Mhada Colony, Pune - IITM","no2",38.42,"ppb","2025-07-24T06:00:00Z","2025-07-24T11:30:00+05:30","Asia/Kolkata",18.57304,73.927715,,,,"Indian Institute of Tropical Meteorology","CPCB"
11609,"Mhada Colony, Pune - IITM","no2",40.76,"ppb","2025-07-24T06:15:00Z","2025-07-24T11:45:00+05:30","Asia/Kolkata",18.57304,73.927715,,,,"Indian Institute of Tropical Meteorology","CPCB"
11609,"Mhada Colony, Pune - IITM","no2",38.86,"ppb","2025-07-24T06:30:00Z","2025-07-24T12:00:00+05:30","Asia/Kolkata",18.57304,73.927715,,,,"Indian Institute of Tropical Meteorology","CPCB"
11609,"Mhada Colony, Pune - IITM","no2",36.66,"ppb","2025-07-24T06:45:00Z","2025-07-24T12:15:00+05:30","Asia/Kolkata",18.57304,73.927715,,,,"Indian Institute of Tropical Meteorology","CPCB"
11609,"Mhada Colony, Pune - IITM","no2",34.83,"ppb","2025-07-24T07:00:00Z","2025-07-24T12:30:00+05:30","Asia/Kolkata",18.57304,73.927715,,,,"Indian Institute of Tropical Meteorology","CPCB"
11609,"Mhada Colony, Pune - IITM","no2",41.85,"ppb","2025-07-24T07:15:00Z","2025-07-24T12:45:00+05:30","Asia/Kolkata",18.57304,73.927715,,,,"Indian Institute of Tropical Meteorology","CPCB"
11609,"Mhada Colony, Pune - IITM","no2",46.07,"ppb","2025-07-24T07:30:00Z","2025-07-24T13:00:00+05:30","Asia/Kolkata",18.57304,73.927715,,,,"Indian Institute of Tropical Meteorology","CPCB"
11609,"Mhada Colony, Pune - IITM","no2",44.36,"ppb","2025-07-24T07:45:00Z","2025-07-24T13:15:00+05:30","Asia/Kolkata",18.57304,73.927715,,,,"Indian Institute of Tropical Meteorology","CPCB"
11609,"Mhada Colony, Pune - IITM","no2",40.61,"ppb","2025-07-24T08:00:00Z","2025-07-24T13:30:00+05:30","Asia/Kolkata",18.57304,73.927715,,,,"Indian Institute of Tropical Meteorology","CPCB"
11609,"Mhada Colony, Pune - IITM","no2",37.4,"ppb","2025-07-24T08:15:00Z","2025-07-24T13:45:00+05:30","Asia/Kolkata",18.57304,73.927715,,,,"Indian Institute of Tropical Meteorology","CPCB"
11609,"Mhada Colony, Pune - IITM","no2",39.59,"ppb","2025-07-24T08:30:00Z","2025-07-24T14:00:00+05:30","Asia/Kolkata",18.57304,73.927715,,,,"Indian Institute of Tropical Meteorology","CPCB"
11609,"Mhada Colony, Pune - IITM","no2",39.47,"ppb","2025-07-24T08:45:00Z","2025-07-24T14:15:00+05:30","Asia/Kolkata",18.57304,73.927715,,,,"Indian Institute of Tropical Meteorology","CPCB"
11609,"Mhada Colony, Pune - IITM","no2",38.51,"ppb","2025-07-24T09:00:00Z","2025-07-24T14:30:00+05:30","Asia/Kolkata",18.57304,73.927715,,,,"Indian Institute of Tropical Meteorology","CPCB"
11609,"Mhada Colony, Pune - IITM","no2",36.66,"ppb","2025-07-24T09:15:00Z","2025-07-24T14:45:00+05:30","Asia/Kolkata",18.57304,73.927715,,,,"Indian Institute of Tropical Meteorology","CPCB"
11609,"Mhada Colony, Pune - IITM","no2",35.19,"ppb","2025-07-24T09:30:00Z","2025-07-24T15:00:00+05:30","Asia/Kolkata",18.57304,73.927715,,,,"Indian Institute of Tropical Meteorology","CPCB"
11609,"Mhada Colony, Pune - IITM","no2",33.06,"ppb","2025-07-24T09:45:00Z","2025-07-24T15:15:00+05:30","Asia/Kolkata",18.57304,73.927715,,,,"Indian Institute of Tropical Meteorology","CPCB"
11609,"Mhada Colony, Pune - IITM","no2",36.16,"ppb","2025-07-24T10:00:00Z","2025-07-24T15:30:00+05:30","Asia/Kolkata",18.57304,73.927715,,,,"Indian Institute of Tropical Meteorology","CPCB"
11609,"Mhada Colony, Pune - IITM","no2",39.45,"ppb","2025-07-24T12:15:00Z","2025-07-24T17:45:00+05:30","Asia/Kolkata",18.57304,73.927715,,,,"Indian Institute of Tropical Meteorology","CPCB"
11609,"Mhada Colony, Pune - IITM","no2",37.26,"ppb","2025-07-24T12:30:00Z","2025-07-24T18:00:00+05:30","Asia/Kolkata",18.57304,73.927715,,,,"Indian Institute of Tropical Meteorology","CPCB"
11609,"Mhada Colony, Pune - IITM","no2",40.57,"ppb","2025-07-24T12:45:00Z","2025-07-24T18:15:00+05:30","Asia/Kolkata",18.57304,73.927715,,,,"Indian Institute of Tropical Meteorology","CPCB"
11609,"Mhada Colony, Pune - IITM","no2",40.93,"ppb","2025-07-24T13:00:00Z","2025-07-24T18:30:00+05:30","Asia/Kolkata",18.57304,73.927715,,,,"Indian Institute of Tropical Meteorology","CPCB"
11609,"Mhada Colony, Pune - IITM","no2",40.47,"ppb","2025-07-24T13:15:00Z","2025-07-24T18:45:00+05:30","Asia/Kolkata",18.57304,73.927715,,,,"Indian Institute of Tropical Meteorology","CPCB"
11609,"Mhada Colony, Pune - IITM","no2",40.51,"ppb","2025-07-24T13:30:00Z","2025-07-24T19:00:00+05:30","Asia/Kolkata",18.57304,73.927715,,,,"Indian Institute of Tropical Meteorology","CPCB"
11609,"Mhada Colony, Pune - IITM","no2",39.52,"ppb","2025-07-24T13:45:00Z","2025-07-24T19:15:00+05:30","Asia/Kolkata",18.57304,73.927715,,,,"Indian Institute of Tropical Meteorology","CPCB"
11609,"Mhada Colony, Pune - IITM","no2",40.8,"ppb","2025-07-24T14:00:00Z","2025-07-24T19:30:00+05:30","Asia/Kolkata",18.57304,73.927715,,,,"Indian Institute of Tropical Meteorology","CPCB"
11609,"Mhada Colony, Pune - IITM","no2",42.64,"ppb","2025-07-24T14:15:00Z","2025-07-24T19:45:00+05:30","Asia/Kolkata",18.57304,73.927715,,,,"Indian Institute of Tropical Meteorology","CPCB"
11609,"Mhada Colony, Pune - IITM","no2",41.72,"ppb","2025-07-24T14:30:00Z","2025-07-24T20:00:00+05:30","Asia/Kolkata",18.57304,73.927715,,,,"Indian Institute of Tropical Meteorology","CPCB"
11609,"Mhada Colony, Pune - IITM","no2",41.79,"ppb","2025-07-24T14:45:00Z","2025-07-24T20:15:00+05:30","Asia/Kolkata",18.57304,73.927715,,,,"Indian Institute of Tropical Meteorology","CPCB"
11609,"Mhada Colony, Pune - IITM","no2",37.99,"ppb","2025-07-24T15:00:00Z","2025-07-24T20:30:00+05:30","Asia/Kolkata",18.57304,73.927715,,,,"Indian Institute of Tropical Meteorology","CPCB"
11609,"Mhada Colony, Pune - IITM","no2",38.29,"ppb","2025-07-24T15:15:00Z","2025-07-24T20:45:00+05:30","Asia/Kolkata",18.57304,73.927715,,,,"Indian Institute of Tropical Meteorology","CPCB"
11609,"Mhada Colony, Pune - IITM","no2",38.37,"ppb","2025-07-24T15:30:00Z","2025-07-24T21:00:00+05:30","Asia/Kolkata",18.57304,73.927715,,,,"Indian Institute of Tropical Meteorology","CPCB"
11609,"Mhada Colony, Pune - IITM","no2",39.69,"ppb","2025-07-24T15:45:00Z","2025-07-24T21:15:00+05:30","Asia/Kolkata",18.57304,73.927715,,,,"Indian Institute of Tropical Meteorology","CPCB"
11609,"Mhada Colony, Pune - IITM","no2",40.56,"ppb","2025-07-24T16:00:00Z","2025-07-24T21:30:00+05:30","Asia/Kolkata",18.57304,73.927715,,,,"Indian Institute of Tropical Meteorology","CPCB"
11609,"Mhada Colony, Pune - IITM","no2",41.24,"ppb","2025-07-24T16:15:00Z","2025-07-24T21:45:00+05:30","Asia/Kolkata",18.57304,73.927715,,,,"Indian Institute of Tropical Meteorology","CPCB"
11609,"Mhada Colony, Pune - IITM","no2",44.22,"ppb","2025-07-24T16:30:00Z","2025-07-24T22:00:00+05:30","Asia/Kolkata",18.57304,73.927715,,,,"Indian Institute of Tropical Meteorology","CPCB"
11609,"Mhada Colony, Pune - IITM","no2",46.5,"ppb","2025-07-24T16:45:00Z","2025-07-24T22:15:00+05:30","Asia/Kolkata",18.57304,73.927715,,,,"Indian Institute of Tropical Meteorology","CPCB"
11609,"Mhada Colony, Pune - IITM","no2",43.69,"ppb","2025-07-24T17:00:00Z","2025-07-24T22:30:00+05:30","Asia/Kolkata",18.57304,73.927715,,,,"Indian Institute of Tropical Meteorology","CPCB"
11609,"Mhada Colony, Pune - IITM","no2",45.79,"ppb","2025-07-24T17:15:00Z","2025-07-24T22:45:00+05:30","Asia/Kolkata",18.57304,73.927715,,,,"Indian Institute of Tropical Meteorology","CPCB"
11609,"Mhada Colony, Pune - IITM","no2",41.91,"ppb","2025-07-24T17:30:00Z","2025-07-24T23:00:00+05:30","Asia/Kolkata",18.57304,73.927715,,,,"Indian Institute of Tropical Meteorology","CPCB"
11609,"Mhada Colony, Pune - IITM","no2",41.08,"ppb","2025-07-24T17:45:00Z","2025-07-24T23:15:00+05:30","Asia/Kolkata",18.57304,73.927715,,,,"Indian Institute of Tropical Meteorology","CPCB"
11609,"Mhada Colony, Pune - IITM","no2",41.17,"ppb","2025-07-24T18:00:00Z","2025-07-24T23:30:00+05:30","Asia/Kolkata",18.57304,73.927715,,,,"Indian Institute of Tropical Meteorology","CPCB"
11609,"Mhada Colony, Pune - IITM","no2",45.52,"ppb","2025-07-24T19:15:00Z","2025-07-25T00:45:00+05:30","Asia/Kolkata",18.57304,73.927715,,,,"Indian Institute of Tropical Meteorology","CPCB"
11609,"Mhada Colony, Pune - IITM","no2",52.3,"ppb","2025-07-24T19:30:00Z","2025-07-25T01:00:00+05:30","Asia/Kolkata",18.57304,73.927715,,,,"Indian Institute of Tropical Meteorology","CPCB"
11609,"Mhada Colony, Pune - IITM","no2",51.57,"ppb","2025-07-24T19:45:00Z","2025-07-25T01:15:00+05:30","Asia/Kolkata",18.57304,73.927715,,,,"Indian Institute of Tropical Meteorology","CPCB"
11609,"Mhada Colony, Pune - IITM","no2",48.1,"ppb","2025-07-24T20:00:00Z","2025-07-25T01:30:00+05:30","Asia/Kolkata",18.57304,73.927715,,,,"Indian Institute of Tropical Meteorology","CPCB"
11609,"Mhada Colony, Pune - IITM","no2",48.07,"ppb","2025-07-24T20:15:00Z","2025-07-25T01:45:00+05:30","Asia/Kolkata",18.57304,73.927715,,,,"Indian Institute of Tropical Meteorology","CPCB"
11609,"Mhada Colony, Pune - IITM","no2",59.28,"ppb","2025-07-24T20:30:00Z","2025-07-25T02:00:00+05:30","Asia/Kolkata",18.57304,73.927715,,,,"Indian Institute of Tropical Meteorology","CPCB"
11609,"Mhada Colony, Pune - IITM","no2",60.43,"ppb","2025-07-24T20:45:00Z","2025-07-25T02:15:00+05:30","Asia/Kolkata",18.57304,73.927715,,,,"Indian Institute of Tropical Meteorology","CPCB"
11609,"Mhada Colony, Pune - IITM","no2",55.75,"ppb","2025-07-24T21:00:00Z","2025-07-25T02:30:00+05:30","Asia/Kolkata",18.57304,73.927715,,,,"Indian Institute of Tropical Meteorology","CPCB"
11609,"Mhada Colony, Pune - IITM","no2",41.12,"ppb","2025-07-24T21:15:00Z","2025-07-25T02:45:00+05:30","Asia/Kolkata",18.57304,73.927715,,,,"Indian Institute of Tropical Meteorology","CPCB"
11609,"Mhada Colony, Pune - IITM","no2",35.2,"ppb","2025-07-24T21:30:00Z","2025-07-25T03:00:00+05:30","Asia/Kolkata",18.57304,73.927715,,,,"Indian Institute of Tropical Meteorology","CPCB"
11609,"Mhada Colony, Pune - IITM","no2",33.58,"ppb","2025-07-24T21:45:00Z","2025-07-25T03:15:00+05:30","Asia/Kolkata",18.57304,73.927715,,,,"Indian Institute of Tropical Meteorology","CPCB"
11609,"Mhada Colony, Pune - IITM","no2",32.64,"ppb","2025-07-24T22:00:00Z","2025-07-25T03:30:00+05:30","Asia/Kolkata",18.57304,73.927715,,,,"Indian Institute of Tropical Meteorology","CPCB"
11609,"Mhada Colony, Pune - IITM","no2",32.99,"ppb","2025-07-24T22:15:00Z","2025-07-25T03:45:00+05:30","Asia/Kolkata",18.57304,73.927715,,,,"Indian Institute of Tropical Meteorology","CPCB"
11609,"Mhada Colony, Pune - IITM","no2",32.09,"ppb","2025-07-24T22:30:00Z","2025-07-25T04:00:00+05:30","Asia/Kolkata",18.57304,73.927715,,,,"Indian Institute of Tropical Meteorology","CPCB"
11609,"Mhada Colony, Pune - IITM","no2",31.58,"ppb","2025-07-24T22:45:00Z","2025-07-25T04:15:00+05:30","Asia/Kolkata",18.57304,73.927715,,,,"Indian Institute of Tropical Meteorology","CPCB"
11609,"Mhada Colony, Pune - IITM","no2",30.58,"ppb","2025-07-24T23:00:00Z","2025-07-25T04:30:00+05:30","Asia/Kolkata",18.57304,73.927715,,,,"Indian Institute of Tropical Meteorology","CPCB"
11609,"Mhada Colony, Pune - IITM","no2",30.37,"ppb","2025-07-24T23:15:00Z","2025-07-25T04:45:00+05:30","Asia/Kolkata",18.57304,73.927715,,,,"Indian Institute of Tropical Meteorology","CPCB"
11609,"Mhada Colony, Pune - IITM","no2",30.25,"ppb","2025-07-24T23:30:00Z","2025-07-25T05:00:00+05:30","Asia/Kolkata",18.57304,73.927715,,,,"Indian Institute of Tropical Meteorology","CPCB"
11609,"Mhada Colony, Pune - IITM","no2",29.93,"ppb","2025-07-24T23:45:00Z","2025-07-25T05:15:00+05:30","Asia/Kolkata",18.57304,73.927715,,,,"Indian Institute of Tropical Meteorology","CPCB"
11609,"Mhada Colony, Pune - IITM","no2",35.37,"ppb","2025-07-25T00:00:00Z","2025-07-25T05:30:00+05:30","Asia/Kolkata",18.57304,73.927715,,,,"Indian Institute of Tropical Meteorology","CPCB"
11609,"Mhada Colony, Pune - IITM","o3",7.68,"µg/m³","2025-07-24T00:15:00Z","2025-07-24T05:45:00+05:30","Asia/Kolkata",18.57304,73.927715,,,,"Indian Institute of Tropical Meteorology","CPCB"
11609,"Mhada Colony, Pune - IITM","o3",8.4,"µg/m³","2025-07-24T00:30:00Z","2025-07-24T06:00:00+05:30","Asia/Kolkata",18.57304,73.927715,,,,"Indian Institute of Tropical Meteorology","CPCB"
11609,"Mhada Colony, Pune - IITM","o3",8.57,"µg/m³","2025-07-24T00:45:00Z","2025-07-24T06:15:00+05:30","Asia/Kolkata",18.57304,73.927715,,,,"Indian Institute of Tropical Meteorology","CPCB"
11609,"Mhada Colony, Pune - IITM","o3",15.37,"µg/m³","2025-07-24T01:00:00Z","2025-07-24T06:30:00+05:30","Asia/Kolkata",18.57304,73.927715,,,,"Indian Institute of Tropical Meteorology","CPCB"
11609,"Mhada Colony, Pune - IITM","o3",4.83,"µg/m³","2025-07-24T01:15:00Z","2025-07-24T06:45:00+05:30","Asia/Kolkata",18.57304,73.927715,,,,"Indian Institute of Tropical Meteorology","CPCB"
11609,"Mhada Colony, Pune - IITM","o3",6.71,"µg/m³","2025-07-24T01:30:00Z","2025-07-24T07:00:00+05:30","Asia/Kolkata",18.57304,73.927715,,,,"Indian Institute of Tropical Meteorology","CPCB"
11609,"Mhada Colony, Pune - IITM","o3",7.71,"µg/m³","2025-07-24T01:45:00Z","2025-07-24T07:15:00+05:30","Asia/Kolkata",18.57304,73.927715,,,,"Indian Institute of Tropical Meteorology","CPCB"
11609,"Mhada Colony, Pune - IITM","o3",7.51,"µg/m³","2025-07-24T02:00:00Z","2025-07-24T07:30:00+05:30","Asia/Kolkata",18.57304,73.927715,,,,"Indian Institute of Tropical Meteorology","CPCB"
11609,"Mhada Colony, Pune - IITM","o3",8.34,"µg/m³","2025-07-24T02:15:00Z","2025-07-24T07:45:00+05:30","Asia/Kolkata",18.57304,73.927715,,,,"Indian Institute of Tropical Meteorology","CPCB"
11609,"Mhada Colony, Pune - IITM","o3",9.73,"µg/m³","2025-07-24T02:30:00Z","2025-07-24T08:00:00+05:30","Asia/Kolkata",18.57304,73.927715,,,,"Indian Institute of Tropical Meteorology","CPCB"
11609,"Mhada Colony, Pune - IITM","o3",11.95,"µg/m³","2025-07-24T02:45:00Z","2025-07-24T08:15:00+05:30","Asia/Kolkata",18.57304,73.927715,,,,"Indian Institute of Tropical Meteorology","CPCB"
11609,"Mhada Colony, Pune - IITM","o3",11.27,"µg/m³","2025-07-24T03:00:00Z","2025-07-24T08:30:00+05:30","Asia/Kolkata",18.57304,73.927715,,,,"Indian Institute of Tropical Meteorology","CPCB"
11609,"Mhada Colony, Pune - IITM","o3",13.61,"µg/m³","2025-07-24T03:15:00Z","2025-07-24T08:45:00+05:30","Asia/Kolkata",18.57304,73.927715,,,,"Indian Institute of Tropical Meteorology","CPCB"
11609,"Mhada Colony, Pune - IITM","o3",13.91,"µg/m³","2025-07-24T03:30:00Z","2025-07-24T09:00:00+05:30","Asia/Kolkata",18.57304,73.927715,,,,"Indian Institute of Tropical Meteorology","CPCB"
11609,"Mhada Colony, Pune - IITM","o3",13.31,"µg/m³","2025-07-24T03:45:00Z","2025-07-24T09:15:00+05:30","Asia/Kolkata",18.57304,73.927715,,,,"Indian Institute of Tropical Meteorology","CPCB"
11609,"Mhada Colony, Pune - IITM","o3",13.74,"µg/m³","2025-07-24T04:00:00Z","2025-07-24T09:30:00+05:30","Asia/Kolkata",18.57304,73.927715,,,,"Indian Institute of Tropical Meteorology","CPCB"
11609,"Mhada Colony, Pune - IITM","o3",16.33,"µg/m³","2025-07-24T04:15:00Z","2025-07-24T09:45:00+05:30","Asia/Kolkata",18.57304,73.927715,,,,"Indian Institute of Tropical Meteorology","CPCB"
11609,"Mhada Colony, Pune - IITM","o3",15.56,"µg/m³","2025-07-24T04:30:00Z","2025-07-24T10:00:00+05:30","Asia/Kolkata",18.57304,73.927715,,,,"Indian Institute of Tropical Meteorology","CPCB"
11609,"Mhada Colony, Pune - IITM","o3",15.69,"µg/m³","2025-07-24T04:45:00Z","2025-07-24T10:15:00+05:30","Asia/Kolkata",18.57304,73.927715,,,,"Indian Institute of Tropical Meteorology","CPCB"
11609,"Mhada Colony, Pune - IITM","o3",15.92,"µg/m³","2025-07-24T05:00:00Z","2025-07-24T10:30:00+05:30","Asia/Kolkata",18.57304,73.927715,,,,"Indian Institute of Tropical Meteorology","CPCB"
11609,"Mhada Colony, Pune - IITM","o3",13.43,"µg/m³","2025-07-24T05:15:00Z","2025-07-24T10:45:00+05:30","Asia/Kolkata",18.57304,73.927715,,,,"Indian Institute of Tropical Meteorology","CPCB"
11609,"Mhada Colony, Pune - IITM","o3",13.49,"µg/m³","2025-07-24T05:30:00Z","2025-07-24T11:00:00+05:30","Asia/Kolkata",18.57304,73.927715,,,,"Indian Institute of Tropical Meteorology","CPCB"
11609,"Mhada Colony, Pune - IITM","o3",13.71,"µg/m³","2025-07-24T05:45:00Z","2025-07-24T11:15:00+05:30","Asia/Kolkata",18.57304,73.927715,,,,"Indian Institute of Tropical Meteorology","CPCB"
11609,"Mhada Colony, Pune - IITM","o3",13.41,"µg/m³","2025-07-24T06:00:00Z","2025-07-24T11:30:00+05:30","Asia/Kolkata",18.57304,73.927715,,,,"Indian Institute of Tropical Meteorology","CPCB"
11609,"Mhada Colony, Pune - IITM","o3",12.5,"µg/m³","2025-07-24T06:15:00Z","2025-07-24T11:45:00+05:30","Asia/Kolkata",18.57304,73.927715,,,,"Indian Institute of Tropical Meteorology","CPCB"
11609,"Mhada Colony, Pune - IITM","o3",10.25,"µg/m³","2025-07-24T06:30:00Z","2025-07-24T12:00:00+05:30","Asia/Kolkata",18.57304,73.927715,,,,"Indian Institute of Tropical Meteorology","CPCB"
11609,"Mhada Colony, Pune - IITM","o3",10.94,"µg/m³","2025-07-24T06:45:00Z","2025-07-24T12:15:00+05:30","Asia/Kolkata",18.57304,73.927715,,,,"Indian Institute of Tropical Meteorology","CPCB"
11609,"Mhada Colony, Pune - IITM","o3",11.32,"µg/m³","2025-07-24T07:00:00Z","2025-07-24T12:30:00+05:30","Asia/Kolkata",18.57304,73.927715,,,,"Indian Institute of Tropical Meteorology","CPCB"
11609,"Mhada Colony, Pune - IITM","o3",9.09,"µg/m³","2025-07-24T07:15:00Z","2025-07-24T12:45:00+05:30","Asia/Kolkata",18.57304,73.927715,,,,"Indian Institute of Tropical Meteorology","CPCB"
11609,"Mhada Colony, Pune - IITM","o3",10.44,"µg/m³","2025-07-24T07:30:00Z","2025-07-24T13:00:00+05:30","Asia/Kolkata",18.57304,73.927715,,,,"Indian Institute of Tropical Meteorology","CPCB"
11609,"Mhada Colony, Pune - IITM","o3",12.38,"µg/m³","2025-07-24T07:45:00Z","2025-07-24T13:15:00+05:30","Asia/Kolkata",18.57304,73.927715,,,,"Indian Institute of Tropical Meteorology","CPCB"
11609,"Mhada Colony, Pune - IITM","o3",13.77,"µg/m³","2025-07-24T08:00:00Z","2025-07-24T13:30:00+05:30","Asia/Kolkata",18.57304,73.927715,,,,"Indian Institute of Tropical Meteorology","CPCB"
11609,"Mhada Colony, Pune - IITM","o3",14.82,"µg/m³","2025-07-24T08:15:00Z","2025-07-24T13:45:00+05:30","Asia/Kolkata",18.57304,73.927715,,,,"Indian Institute of Tropical Meteorology","CPCB"
11609,"Mhada Colony, Pune - IITM","o3",14.7,"µg/m³","2025-07-24T08:30:00Z","2025-07-24T14:00:00+05:30","Asia/Kolkata",18.57304,73.927715,,,,"Indian Institute of Tropical Meteorology","CPCB"
11609,"Mhada Colony, Pune - IITM","o3",16.17,"µg/m³","2025-07-24T08:45:00Z","2025-07-24T14:15:00+05:30","Asia/Kolkata",18.57304,73.927715,,,,"Indian Institute of Tropical Meteorology","CPCB"
11609,"Mhada Colony, Pune - IITM","o3",18.68,"µg/m³","2025-07-24T09:00:00Z","2025-07-24T14:30:00+05:30","Asia/Kolkata",18.57304,73.927715,,,,"Indian Institute of Tropical Meteorology","CPCB"
11609,"Mhada Colony, Pune - IITM","o3",20.23,"µg/m³","2025-07-24T09:15:00Z","2025-07-24T14:45:00+05:30","Asia/Kolkata",18.57304,73.927715,,,,"Indian Institute of Tropical Meteorology","CPCB"
11609,"Mhada Colony, Pune - IITM","o3",18.81,"µg/m³","2025-07-24T09:30:00Z","2025-07-24T15:00:00+05:30","Asia/Kolkata",18.57304,73.927715,,,,"Indian Institute of Tropical Meteorology","CPCB"
11609,"Mhada Colony, Pune - IITM","o3",19.27,"µg/m³","2025-07-24T09:45:00Z","2025-07-24T15:15:00+05:30","Asia/Kolkata",18.57304,73.927715,,,,"Indian Institute of Tropical Meteorology","CPCB"
11609,"Mhada Colony, Pune - IITM","o3",18.57,"µg/m³","2025-07-24T10:00:00Z","2025-07-24T15:30:00+05:30","Asia/Kolkata",18.57304,73.927715,,,,"Indian Institute of Tropical Meteorology","CPCB"
11609,"Mhada Colony, Pune - IITM","o3",10.9,"µg/m³","2025-07-24T12:15:00Z","2025-07-24T17:45:00+05:30","Asia/Kolkata",18.57304,73.927715,,,,"Indian Institute of Tropical Meteorology","CPCB"
11609,"Mhada Colony, Pune - IITM","o3",11.21,"µg/m³","2025-07-24T12:30:00Z","2025-07-24T18:00:00+05:30","Asia/Kolkata",18.57304,73.927715,,,,"Indian Institute of Tropical Meteorology","CPCB"
11609,"Mhada Colony, Pune - IITM","o3",9.31,"µg/m³","2025-07-24T12:45:00Z","2025-07-24T18:15:00+05:30","Asia/Kolkata",18.57304,73.927715,,,,"Indian Institute of Tropical Meteorology","CPCB"
11609,"Mhada Colony, Pune - IITM","o3",8.62,"µg/m³","2025-07-24T13:00:00Z","2025-07-24T18:30:00+05:30","Asia/Kolkata",18.57304,73.927715,,,,"Indian Institute of Tropical Meteorology","CPCB"
11609,"Mhada Colony, Pune - IITM","o3",11.11,"µg/m³","2025-07-24T13:15:00Z","2025-07-24T18:45:00+05:30","Asia/Kolkata",18.57304,73.927715,,,,"Indian Institute of Tropical Meteorology","CPCB"
11609,"Mhada Colony, Pune - IITM","o3",11.87,"µg/m³","2025-07-24T13:30:00Z","2025-07-24T19:00:00+05:30","Asia/Kolkata",18.57304,73.927715,,,,"Indian Institute of Tropical Meteorology","CPCB"
11609,"Mhada Colony, Pune - IITM","o3",12.44,"µg/m³","2025-07-24T13:45:00Z","2025-07-24T19:15:00+05:30","Asia/Kolkata",18.57304,73.927715,,,,"Indian Institute of Tropical Meteorology","CPCB"
11609,"Mhada Colony, Pune - IITM","o3",12.31,"µg/m³","2025-07-24T14:00:00Z","2025-07-24T19:30:00+05:30","Asia/Kolkata",18.57304,73.927715,,,,"Indian Institute of Tropical Meteorology","CPCB"
11609,"Mhada Colony, Pune - IITM","o3",13.41,"µg/m³","2025-07-24T14:15:00Z","2025-07-24T19:45:00+05:30","Asia/Kolkata",18.57304,73.927715,,,,"Indian Institute of Tropical Meteorology","CPCB"
11609,"Mhada Colony, Pune - IITM","o3",14.4,"µg/m³","2025-07-24T14:30:00Z","2025-07-24T20:00:00+05:30","Asia/Kolkata",18.57304,73.927715,,,,"Indian Institute of Tropical Meteorology","CPCB"
11609,"Mhada Colony, Pune - IITM","o3",14.51,"µg/m³","2025-07-24T14:45:00Z","2025-07-24T20:15:00+05:30","Asia/Kolkata",18.57304,73.927715,,,,"Indian Institute of Tropical Meteorology","CPCB"
11609,"Mhada Colony, Pune - IITM","o3",13.12,"µg/m³","2025-07-24T15:00:00Z","2025-07-24T20:30:00+05:30","Asia/Kolkata",18.57304,73.927715,,,,"Indian Institute of Tropical Meteorology","CPCB"
11609,"Mhada Colony, Pune - IITM","o3",10.36,"µg/m³","2025-07-24T15:15:00Z","2025-07-24T20:45:00+05:30","Asia/Kolkata",18.57304,73.927715,,,,"Indian Institute of Tropical Meteorology","CPCB"
11609,"Mhada Colony, Pune - IITM","o3",9.32,"µg/m³","2025-07-24T15:30:00Z","2025-07-24T21:00:00+05:30","Asia/Kolkata",18.57304,73.927715,,,,"Indian Institute of Tropical Meteorology","CPCB"
11609,"Mhada Colony, Pune - IITM","o3",8.58,"µg/m³","2025-07-24T15:45:00Z","2025-07-24T21:15:00+05:30","Asia/Kolkata",18.57304,73.927715,,,,"Indian Institute of Tropical Meteorology","CPCB"
11609,"Mhada Colony, Pune - IITM","o3",8.1,"µg/m³","2025-07-24T16:00:00Z","2025-07-24T21:30:00+05:30","Asia/Kolkata",18.57304,73.927715,,,,"Indian Institute of Tropical Meteorology","CPCB"
11609,"Mhada Colony, Pune - IITM","o3",5.97,"µg/m³","2025-07-24T16:15:00Z","2025-07-24T21:45:00+05:30","Asia/Kolkata",18.57304,73.927715,,,,"Indian Institute of Tropical Meteorology","CPCB"
11609,"Mhada Colony, Pune - IITM","o3",5.74,"µg/m³","2025-07-24T16:30:00Z","2025-07-24T22:00:00+05:30","Asia/Kolkata",18.57304,73.927715,,,,"Indian Institute of Tropical Meteorology","CPCB"
11609,"Mhada Colony, Pune - IITM","o3",5.65,"µg/m³","2025-07-24T16:45:00Z","2025-07-24T22:15:00+05:30","Asia/Kolkata",18.57304,73.927715,,,,"Indian Institute of Tropical Meteorology","CPCB"
11609,"Mhada Colony, Pune - IITM","o3",6.79,"µg/m³","2025-07-24T17:00:00Z","2025-07-24T22:30:00+05:30","Asia/Kolkata",18.57304,73.927715,,,,"Indian Institute of Tropical Meteorology","CPCB"
11609,"Mhada Colony, Pune - IITM","o3",6.09,"µg/m³","2025-07-24T17:15:00Z","2025-07-24T22:45:00+05:30","Asia/Kolkata",18.57304,73.927715,,,,"Indian Institute of Tropical Meteorology","CPCB"
11609,"Mhada Colony, Pune - IITM","o3",5.09,"µg/m³","2025-07-24T17:30:00Z","2025-07-24T23:00:00+05:30","Asia/Kolkata",18.57304,73.927715,,,,"Indian Institute of Tropical Meteorology","CPCB"
11609,"Mhada Colony, Pune - IITM","o3",5.2,"µg/m³","2025-07-24T17:45:00Z","2025-07-24T23:15:00+05:30","Asia/Kolkata",18.57304,73.927715,,,,"Indian Institute of Tropical Meteorology","CPCB"
11609,"Mhada Colony, Pune - IITM","o3",5.47,"µg/m³","2025-07-24T18:00:00Z","2025-07-24T23:30:00+05:30","Asia/Kolkata",18.57304,73.927715,,,,"Indian Institute of Tropical Meteorology","CPCB"
11609,"Mhada Colony, Pune - IITM","o3",11.62,"µg/m³","2025-07-24T19:15:00Z","2025-07-25T00:45:00+05:30","Asia/Kolkata",18.57304,73.927715,,,,"Indian Institute of Tropical Meteorology","CPCB"
11609,"Mhada Colony, Pune - IITM","o3",11.27,"µg/m³","2025-07-24T19:30:00Z","2025-07-25T01:00:00+05:30","Asia/Kolkata",18.57304,73.927715,,,,"Indian Institute of Tropical Meteorology","CPCB"
11609,"Mhada Colony, Pune - IITM","o3",10.95,"µg/m³","2025-07-24T19:45:00Z","2025-07-25T01:15:00+05:30","Asia/Kolkata",18.57304,73.927715,,,,"Indian Institute of Tropical Meteorology","CPCB"
11609,"Mhada Colony, Pune - IITM","o3",10.95,"µg/m³","2025-07-24T20:00:00Z","2025-07-25T01:30:00+05:30","Asia/Kolkata",18.57304,73.927715,,,,"Indian Institute of Tropical Meteorology","CPCB"
11609,"Mhada Colony, Pune - IITM","o3",12.9,"µg/m³","2025-07-24T20:15:00Z","2025-07-25T01:45:00+05:30","Asia/Kolkata",18.57304,73.927715,,,,"Indian Institute of Tropical Meteorology","CPCB"
11609,"Mhada Colony, Pune - IITM","o3",12.2,"µg/m³","2025-07-24T20:30:00Z","2025-07-25T02:00:00+05:30","Asia/Kolkata",18.57304,73.927715,,,,"Indian Institute of Tropical Meteorology","CPCB"
11609,"Mhada Colony, Pune - IITM","o3",11.44,"µg/m³","2025-07-24T20:45:00Z","2025-07-25T02:15:00+05:30","Asia/Kolkata",18.57304,73.927715,,,,"Indian Institute of Tropical Meteorology","CPCB"
11609,"Mhada Colony, Pune - IITM","o3",9.46,"µg/m³","2025-07-24T21:00:00Z","2025-07-25T02:30:00+05:30","Asia/Kolkata",18.57304,73.927715,,,,"Indian Institute of Tropical Meteorology","CPCB"
11609,"Mhada Colony, Pune - IITM","o3",9.77,"µg/m³","2025-07-24T21:15:00Z","2025-07-25T02:45:00+05:30","Asia/Kolkata",18.57304,73.927715,,,,"Indian Institute of Tropical Meteorology","CPCB"
11609,"Mhada Colony, Pune - IITM","o3",8.55,"µg/m³","2025-07-24T21:30:00Z","2025-07-25T03:00:00+05:30","Asia/Kolkata",18.57304,73.927715,,,,"Indian Institute of Tropical Meteorology","CPCB"
11609,"Mhada Colony, Pune - IITM","o3",7.78,"µg/m³","2025-07-24T21:45:00Z","2025-07-25T03:15:00+05:30","Asia/Kolkata",18.57304,73.927715,,,,"Indian Institute of Tropical Meteorology","CPCB"
11609,"Mhada Colony, Pune - IITM","o3",7.03,"µg/m³","2025-07-24T22:00:00Z","2025-07-25T03:30:00+05:30","Asia/Kolkata",18.57304,73.927715,,,,"Indian Institute of Tropical Meteorology","CPCB"
11609,"Mhada Colony, Pune - IITM","o3",8.74,"µg/m³","2025-07-24T22:15:00Z","2025-07-25T03:45:00+05:30","Asia/Kolkata",18.57304,73.927715,,,,"Indian Institute of Tropical Meteorology","CPCB"
11609,"Mhada Colony, Pune - IITM","o3",8.94,"µg/m³","2025-07-24T22:30:00Z","2025-07-25T04:00:00+05:30","Asia/Kolkata",18.57304,73.927715,,,,"Indian Institute of Tropical Meteorology","CPCB"
11609,"Mhada Colony, Pune - IITM","o3",6.9,"µg/m³","2025-07-24T22:45:00Z","2025-07-25T04:15:00+05:30","Asia/Kolkata",18.57304,73.927715,,,,"Indian Institute of Tropical Meteorology","CPCB"
11609,"Mhada Colony, Pune - IITM","o3",7.29,"µg/m³","2025-07-24T23:00:00Z","2025-07-25T04:30:00+05:30","Asia/Kolkata",18.57304,73.927715,,,,"Indian Institute of Tropical Meteorology","CPCB"
11609,"Mhada Colony, Pune - IITM","o3",7.41,"µg/m³","2025-07-24T23:15:00Z","2025-07-25T04:45:00+05:30","Asia/Kolkata",18.57304,73.927715,,,,"Indian Institute of Tropical Meteorology","CPCB"
11609,"Mhada Colony, Pune - IITM","o3",8.69,"µg/m³","2025-07-24T23:30:00Z","2025-07-25T05:00:00+05:30","Asia/Kolkata",18.57304,73.927715,,,,"Indian Institute of Tropical Meteorology","CPCB"
11609,"Mhada Colony, Pune - IITM","o3",9.23,"µg/m³","2025-07-24T23:45:00Z","2025-07-25T05:15:00+05:30","Asia/Kolkata",18.57304,73.927715,,,,"Indian Institute of Tropical Meteorology","CPCB"
11609,"Mhada Colony, Pune - IITM","o3",9.33,"µg/m³","2025-07-25T00:00:00Z","2025-07-25T05:30:00+05:30","Asia/Kolkata",18.57304,73.927715,,,,"Indian Institute of Tropical Meteorology","CPCB"
11609,"Mhada Colony, Pune - IITM","pm10",45.3,"µg/m³","2025-07-24T00:15:00Z","2025-07-24T05:45:00+05:30","Asia/Kolkata",18.57304,73.927715,,,,"Indian Institute of Tropical Meteorology","CPCB"
11609,"Mhada Colony, Pune - IITM","pm10",45.3,"µg/m³","2025-07-24T00:30:00Z","2025-07-24T06:00:00+05:30","Asia/Kolkata",18.57304,73.927715,,,,"Indian Institute of Tropical Meteorology","CPCB"
11609,"Mhada Colony, Pune - IITM","pm10",43.25,"µg/m³","2025-07-24T00:45:00Z","2025-07-24T06:15:00+05:30","Asia/Kolkata",18.57304,73.927715,,,,"Indian Institute of Tropical Meteorology","CPCB"
11609,"Mhada Colony, Pune - IITM","pm10",42.74,"µg/m³","2025-07-24T01:00:00Z","2025-07-24T06:30:00+05:30","Asia/Kolkata",18.57304,73.927715,,,,"Indian Institute of Tropical Meteorology","CPCB"
11609,"Mhada Colony, Pune - IITM","pm10",42.74,"µg/m³","2025-07-24T01:15:00Z","2025-07-24T06:45:00+05:30","Asia/Kolkata",18.57304,73.927715,,,,"Indian Institute of Tropical Meteorology","CPCB"
11609,"Mhada Colony, Pune - IITM","pm10",42.74,"µg/m³","2025-07-24T01:30:00Z","2025-07-24T07:00:00+05:30","Asia/Kolkata",18.57304,73.927715,,,,"Indian Institute of Tropical Meteorology","CPCB"
11609,"Mhada Colony, Pune - IITM","pm10",40.69,"µg/m³","2025-07-24T01:45:00Z","2025-07-24T07:15:00+05:30","Asia/Kolkata",18.57304,73.927715,,,,"Indian Institute of Tropical Meteorology","CPCB"
11609,"Mhada Colony, Pune - IITM","pm10",40.18,"µg/m³","2025-07-24T02:00:00Z","2025-07-24T07:30:00+05:30","Asia/Kolkata",18.57304,73.927715,,,,"Indian Institute of Tropical Meteorology","CPCB"
11609,"Mhada Colony, Pune - IITM","pm10",40.18,"µg/m³","2025-07-24T02:15:00Z","2025-07-24T07:45:00+05:30","Asia/Kolkata",18.57304,73.927715,,,,"Indian Institute of Tropical Meteorology","CPCB"
11609,"Mhada Colony, Pune - IITM","pm10",40.18,"µg/m³","2025-07-24T02:30:00Z","2025-07-24T08:00:00+05:30","Asia/Kolkata",18.57304,73.927715,,,,"Indian Institute of Tropical Meteorology","CPCB"
11609,"Mhada Colony, Pune - IITM","pm10",39.27,"µg/m³","2025-07-24T02:45:00Z","2025-07-24T08:15:00+05:30","Asia/Kolkata",18.57304,73.927715,,,,"Indian Institute of Tropical Meteorology","CPCB"
11609,"Mhada Colony, Pune - IITM","pm10",39.04,"µg/m³","2025-07-24T03:00:00Z","2025-07-24T08:30:00+05:30","Asia/Kolkata",18.57304,73.927715,,,,"Indian Institute of Tropical Meteorology","CPCB"
11609,"Mhada Colony, Pune - IITM","pm10",39.04,"µg/m³","2025-07-24T03:15:00Z","2025-07-24T08:45:00+05:30","Asia/Kolkata",18.57304,73.927715,,,,"Indian Institute of Tropical Meteorology","CPCB"
11609,"Mhada Colony, Pune - IITM","pm10",39.04,"µg/m³","2025-07-24T03:30:00Z","2025-07-24T09:00:00+05:30","Asia/Kolkata",18.57304,73.927715,,,,"Indian Institute of Tropical Meteorology","CPCB"
11609,"Mhada Colony, Pune - IITM","pm10",37.9,"µg/m³","2025-07-24T03:45:00Z","2025-07-24T09:15:00+05:30","Asia/Kolkata",18.57304,73.927715,,,,"Indian Institute of Tropical Meteorology","CPCB"
11609,"Mhada Colony, Pune - IITM","pm10",37.61,"µg/m³","2025-07-24T04:00:00Z","2025-07-24T09:30:00+05:30","Asia/Kolkata",18.57304,73.927715,,,,"Indian Institute of Tropical Meteorology","CPCB"
11609,"Mhada Colony, Pune - IITM","pm10",37.61,"µg/m³","2025-07-24T04:15:00Z","2025-07-24T09:45:00+05:30","Asia/Kolkata",18.57304,73.927715,,,,"Indian Institute of Tropical Meteorology","CPCB"
11609,"Mhada Colony, Pune - IITM","pm10",37.61,"µg/m³","2025-07-24T04:30:00Z","2025-07-24T10:00:00+05:30","Asia/Kolkata",18.57304,73.927715,,,,"Indian Institute of Tropical Meteorology","CPCB"
11609,"Mhada Colony, Pune - IITM","pm10",37.09,"µg/m³","2025-07-24T04:45:00Z","2025-07-24T10:15:00+05:30","Asia/Kolkata",18.57304,73.927715,,,,"Indian Institute of Tropical Meteorology","CPCB"
11609,"Mhada Colony, Pune - IITM","pm10",36.96,"µg/m³","2025-07-24T05:00:00Z","2025-07-24T10:30:00+05:30","Asia/Kolkata",18.57304,73.927715,,,,"Indian Institute of Tropical Meteorology","CPCB"
11609,"Mhada Colony, Pune - IITM","pm10",36.96,"µg/m³","2025-07-24T05:15:00Z","2025-07-24T10:45:00+05:30","Asia/Kolkata",18.57304,73.927715,,,,"Indian Institute of Tropical Meteorology","CPCB"
11609,"Mhada Colony, Pune - IITM","pm10",36.96,"µg/m³","2025-07-24T05:30:00Z","2025-07-24T11:00:00+05:30","Asia/Kolkata",18.57304,73.927715,,,,"Indian Institute of Tropical Meteorology","CPCB"
11609,"Mhada Colony, Pune - IITM","pm10",34.15,"µg/m³","2025-07-24T05:45:00Z","2025-07-24T11:15:00+05:30","Asia/Kolkata",18.57304,73.927715,,,,"Indian Institute of Tropical Meteorology","CPCB"
11609,"Mhada Colony, Pune - IITM","pm10",33.45,"µg/m³","2025-07-24T06:00:00Z","2025-07-24T11:30:00+05:30","Asia/Kolkata",18.57304,73.927715,,,,"Indian Institute of Tropical Meteorology","CPCB"
11609,"Mhada Colony, Pune - IITM","pm10",33.45,"µg/m³","2025-07-24T06:15:00Z","2025-07-24T11:45:00+05:30","Asia/Kolkata",18.57304,73.927715,,,,"Indian Institute of Tropical Meteorology","CPCB"
11609,"Mhada Colony, Pune - IITM","pm10",33.45,"µg/m³","2025-07-24T06:30:00Z","2025-07-24T12:00:00+05:30","Asia/Kolkata",18.57304,73.927715,,,,"Indian Institute of Tropical Meteorology","CPCB"
11609,"Mhada Colony, Pune - IITM","pm10",39.95,"µg/m³","2025-07-24T06:45:00Z","2025-07-24T12:15:00+05:30","Asia/Kolkata",18.57304,73.927715,,,,"Indian Institute of Tropical Meteorology","CPCB"
11609,"Mhada Colony, Pune - IITM","pm10",41.58,"µg/m³","2025-07-24T07:00:00Z","2025-07-24T12:30:00+05:30","Asia/Kolkata",18.57304,73.927715,,,,"Indian Institute of Tropical Meteorology","CPCB"
11609,"Mhada Colony, Pune - IITM","pm10",41.58,"µg/m³","2025-07-24T07:15:00Z","2025-07-24T12:45:00+05:30","Asia/Kolkata",18.57304,73.927715,,,,"Indian Institute of Tropical Meteorology","CPCB"
11609,"Mhada Colony, Pune - IITM","pm10",41.58,"µg/m³","2025-07-24T07:30:00Z","2025-07-24T13:00:00+05:30","Asia/Kolkata",18.57304,73.927715,,,,"Indian Institute of Tropical Meteorology","CPCB"
11609,"Mhada Colony, Pune - IITM","pm10",46.84,"µg/m³","2025-07-24T07:45:00Z","2025-07-24T13:15:00+05:30","Asia/Kolkata",18.57304,73.927715,,,,"Indian Institute of Tropical Meteorology","CPCB"
11609,"Mhada Colony, Pune - IITM","pm10",48.15,"µg/m³","2025-07-24T08:00:00Z","2025-07-24T13:30:00+05:30","Asia/Kolkata",18.57304,73.927715,,,,"Indian Institute of Tropical Meteorology","CPCB"
11609,"Mhada Colony, Pune - IITM","pm10",48.15,"µg/m³","2025-07-24T08:15:00Z","2025-07-24T13:45:00+05:30","Asia/Kolkata",18.57304,73.927715,,,,"Indian Institute of Tropical Meteorology","CPCB"
11609,"Mhada Colony, Pune - IITM","pm10",48.15,"µg/m³","2025-07-24T08:30:00Z","2025-07-24T14:00:00+05:30","Asia/Kolkata",18.57304,73.927715,,,,"Indian Institute of Tropical Meteorology","CPCB"
11609,"Mhada Colony, Pune - IITM","pm10",54.33,"µg/m³","2025-07-24T08:45:00Z","2025-07-24T14:15:00+05:30","Asia/Kolkata",18.57304,73.927715,,,,"Indian Institute of Tropical Meteorology","CPCB"
11609,"Mhada Colony, Pune - IITM","pm10",55.87,"µg/m³","2025-07-24T09:00:00Z","2025-07-24T14:30:00+05:30","Asia/Kolkata",18.57304,73.927715,,,,"Indian Institute of Tropical Meteorology","CPCB"
11609,"Mhada Colony, Pune - IITM","pm10",55.87,"µg/m³","2025-07-24T09:15:00Z","2025-07-24T14:45:00+05:30","Asia/Kolkata",18.57304,73.927715,,,,"Indian Institute of Tropical Meteorology","CPCB"
11609,"Mhada Colony, Pune - IITM","pm10",55.87,"µg/m³","2025-07-24T09:30:00Z","2025-07-24T15:00:00+05:30","Asia/Kolkata",18.57304,73.927715,,,,"Indian Institute of Tropical Meteorology","CPCB"
11609,"Mhada Colony, Pune - IITM","pm10",57.32,"µg/m³","2025-07-24T09:45:00Z","2025-07-24T15:15:00+05:30","Asia/Kolkata",18.57304,73.927715,,,,"Indian Institute of Tropical Meteorology","CPCB"
11609,"Mhada Colony, Pune - IITM","pm10",57.69,"µg/m³","2025-07-24T10:00:00Z","2025-07-24T15:30:00+05:30","Asia/Kolkata",18.57304,73.927715,,,,"Indian Institute of Tropical Meteorology","CPCB"
11609,"Mhada Colony, Pune - IITM","pm10",60.2,"µg/m³","2025-07-24T12:15:00Z","2025-07-24T17:45:00+05:30","Asia/Kolkata",18.57304,73.927715,,,,"Indian Institute of Tropical Meteorology","CPCB"
11609,"Mhada Colony, Pune - IITM","pm10",60.2,"µg/m³","2025-07-24T12:30:00Z","2025-07-24T18:00:00+05:30","Asia/Kolkata",18.57304,73.927715,,,,"Indian Institute of Tropical Meteorology","CPCB"
11609,"Mhada Colony, Pune - IITM","pm10",72.26,"µg/m³","2025-07-24T12:45:00Z","2025-07-24T18:15:00+05:30","Asia/Kolkata",18.57304,73.927715,,,,"Indian Institute of Tropical Meteorology","CPCB"
11609,"Mhada Colony, Pune - IITM","pm10",75.28,"µg/m³","2025-07-24T13:00:00Z","2025-07-24T18:30:00+05:30","Asia/Kolkata",18.57304,73.927715,,,,"Indian Institute of Tropical Meteorology","CPCB"
11609,"Mhada Colony, Pune - IITM","pm10",75.28,"µg/m³","2025-07-24T13:15:00Z","2025-07-24T18:45:00+05:30","Asia/Kolkata",18.57304,73.927715,,,,"Indian Institute of Tropical Meteorology","CPCB"
11609,"Mhada Colony, Pune - IITM","pm10",75.28,"µg/m³","2025-07-24T13:30:00Z","2025-07-24T19:00:00+05:30","Asia/Kolkata",18.57304,73.927715,,,,"Indian Institute of Tropical Meteorology","CPCB"
11609,"Mhada Colony, Pune - IITM","pm10",71.32,"µg/m³","2025-07-24T13:45:00Z","2025-07-24T19:15:00+05:30","Asia/Kolkata",18.57304,73.927715,,,,"Indian Institute of Tropical Meteorology","CPCB"
11609,"Mhada Colony, Pune - IITM","pm10",70.33,"µg/m³","2025-07-24T14:00:00Z","2025-07-24T19:30:00+05:30","Asia/Kolkata",18.57304,73.927715,,,,"Indian Institute of Tropical Meteorology","CPCB"
11609,"Mhada Colony, Pune - IITM","pm10",70.33,"µg/m³","2025-07-24T14:15:00Z","2025-07-24T19:45:00+05:30","Asia/Kolkata",18.57304,73.927715,,,,"Indian Institute of Tropical Meteorology","CPCB"
11609,"Mhada Colony, Pune - IITM","pm10",70.33,"µg/m³","2025-07-24T14:30:00Z","2025-07-24T20:00:00+05:30","Asia/Kolkata",18.57304,73.927715,,,,"Indian Institute of Tropical Meteorology","CPCB"
11609,"Mhada Colony, Pune - IITM","pm10",72.4,"µg/m³","2025-07-24T14:45:00Z","2025-07-24T20:15:00+05:30","Asia/Kolkata",18.57304,73.927715,,,,"Indian Institute of Tropical Meteorology","CPCB"
11609,"Mhada Colony, Pune - IITM","pm10",72.91,"µg/m³","2025-07-24T15:00:00Z","2025-07-24T20:30:00+05:30","Asia/Kolkata",18.57304,73.927715,,,,"Indian Institute of Tropical Meteorology","CPCB"
11609,"Mhada Colony, Pune - IITM","pm10",72.91,"µg/m³","2025-07-24T15:15:00Z","2025-07-24T20:45:00+05:30","Asia/Kolkata",18.57304,73.927715,,,,"Indian Institute of Tropical Meteorology","CPCB"
11609,"Mhada Colony, Pune - IITM","pm10",72.91,"µg/m³","2025-07-24T15:30:00Z","2025-07-24T21:00:00+05:30","Asia/Kolkata",18.57304,73.927715,,,,"Indian Institute of Tropical Meteorology","CPCB"
11609,"Mhada Colony, Pune - IITM","pm10",72.79,"µg/m³","2025-07-24T15:45:00Z","2025-07-24T21:15:00+05:30","Asia/Kolkata",18.57304,73.927715,,,,"Indian Institute of Tropical Meteorology","CPCB"
11609,"Mhada Colony, Pune - IITM","pm10",72.76,"µg/m³","2025-07-24T16:00:00Z","2025-07-24T21:30:00+05:30","Asia/Kolkata",18.57304,73.927715,,,,"Indian Institute of Tropical Meteorology","CPCB"
11609,"Mhada Colony, Pune - IITM","pm10",72.76,"µg/m³","2025-07-24T16:15:00Z","2025-07-24T21:45:00+05:30","Asia/Kolkata",18.57304,73.927715,,,,"Indian Institute of Tropical Meteorology","CPCB"
11609,"Mhada Colony, Pune - IITM","pm10",72.76,"µg/m³","2025-07-24T16:30:00Z","2025-07-24T22:00:00+05:30","Asia/Kolkata",18.57304,73.927715,,,,"Indian Institute of Tropical Meteorology","CPCB"
11609,"Mhada Colony, Pune - IITM","pm10",72.23,"µg/m³","2025-07-24T16:45:00Z","2025-07-24T22:15:00+05:30","Asia/Kolkata",18.57304,73.927715,,,,"Indian Institute of Tropical Meteorology","CPCB"
11609,"Mhada Colony, Pune - IITM","pm10",72.1,"µg/m³","2025-07-24T17:00:00Z","2025-07-24T22:30:00+05:30","Asia/Kolkata",18.57304,73.927715,,,,"Indian Institute of Tropical Meteorology","CPCB"
11609,"Mhada Colony, Pune - IITM","pm10",72.1,"µg/m³","2025-07-24T17:15:00Z","2025-07-24T22:45:00+05:30","Asia/Kolkata",18.57304,73.927715,,,,"Indian Institute of Tropical Meteorology","CPCB"
11609,"Mhada Colony, Pune - IITM","pm10",72.1,"µg/m³","2025-07-24T17:30:00Z","2025-07-24T23:00:00+05:30","Asia/Kolkata",18.57304,73.927715,,,,"Indian Institute of Tropical Meteorology","CPCB"
11609,"Mhada Colony, Pune - IITM","pm10",73.68,"µg/m³","2025-07-24T17:45:00Z","2025-07-24T23:15:00+05:30","Asia/Kolkata",18.57304,73.927715,,,,"Indian Institute of Tropical Meteorology","CPCB"
11609,"Mhada Colony, Pune - IITM","pm10",74.07,"µg/m³","2025-07-24T18:00:00Z","2025-07-24T23:30:00+05:30","Asia/Kolkata",18.57304,73.927715,,,,"Indian Institute of Tropical Meteorology","CPCB"
11609,"Mhada Colony, Pune - IITM","pm10",66.94,"µg/m³","2025-07-24T19:15:00Z","2025-07-25T00:45:00+05:30","Asia/Kolkata",18.57304,73.927715,,,,"Indian Institute of Tropical Meteorology","CPCB"
11609,"Mhada Colony, Pune - IITM","pm10",66.94,"µg/m³","2025-07-24T19:30:00Z","2025-07-25T01:00:00+05:30","Asia/Kolkata",18.57304,73.927715,,,,"Indian Institute of Tropical Meteorology","CPCB"
11609,"Mhada Colony, Pune - IITM","pm10",59.09,"µg/m³","2025-07-24T19:45:00Z","2025-07-25T01:15:00+05:30","Asia/Kolkata",18.57304,73.927715,,,,"Indian Institute of Tropical Meteorology","CPCB"
11609,"Mhada Colony, Pune - IITM","pm10",57.13,"µg/m³","2025-07-24T20:00:00Z","2025-07-25T01:30:00+05:30","Asia/Kolkata",18.57304,73.927715,,,,"Indian Institute of Tropical Meteorology","CPCB"
11609,"Mhada Colony, Pune - IITM","pm10",57.13,"µg/m³","2025-07-24T20:15:00Z","2025-07-25T01:45:00+05:30","Asia/Kolkata",18.57304,73.927715,,,,"Indian Institute of Tropical Meteorology","CPCB"
11609,"Mhada Colony, Pune - IITM","pm10",57.13,"µg/m³","2025-07-24T20:30:00Z","2025-07-25T02:00:00+05:30","Asia/Kolkata",18.57304,73.927715,,,,"Indian Institute of Tropical Meteorology","CPCB"
11609,"Mhada Colony, Pune - IITM","pm10",49.38,"µg/m³","2025-07-24T20:45:00Z","2025-07-25T02:15:00+05:30","Asia/Kolkata",18.57304,73.927715,,,,"Indian Institute of Tropical Meteorology","CPCB"
11609,"Mhada Colony, Pune - IITM","pm10",47.45,"µg/m³","2025-07-24T21:00:00Z","2025-07-25T02:30:00+05:30","Asia/Kolkata",18.57304,73.927715,,,,"Indian Institute of Tropical Meteorology","CPCB"
11609,"Mhada Colony, Pune - IITM","pm10",47.45,"µg/m³","2025-07-24T21:15:00Z","2025-07-25T02:45:00+05:30","Asia/Kolkata",18.57304,73.927715,,,,"Indian Institute of Tropical Meteorology","CPCB"
11609,"Mhada Colony, Pune - IITM","pm10",47.45,"µg/m³","2025-07-24T21:30:00Z","2025-07-25T03:00:00+05:30","Asia/Kolkata",18.57304,73.927715,,,,"Indian Institute of Tropical Meteorology","CPCB"
11609,"Mhada Colony, Pune - IITM","pm10",37.89,"µg/m³","2025-07-24T21:45:00Z","2025-07-25T03:15:00+05:30","Asia/Kolkata",18.57304,73.927715,,,,"Indian Institute of Tropical Meteorology","CPCB"
11609,"Mhada Colony, Pune - IITM","pm10",35.5,"µg/m³","2025-07-24T22:00:00Z","2025-07-25T03:30:00+05:30","Asia/Kolkata",18.57304,73.927715,,,,"Indian Institute of Tropical Meteorology","CPCB"
11609,"Mhada Colony, Pune - IITM","pm10",35.5,"µg/m³","2025-07-24T22:15:00Z","2025-07-25T03:45:00+05:30","Asia/Kolkata",18.57304,73.927715,,,,"Indian Institute of Tropical Meteorology","CPCB"
11609,"Mhada Colony, Pune - IITM","pm10",35.5,"µg/m³","2025-07-24T22:30:00Z","2025-07-25T04:00:00+05:30","Asia/Kolkata",18.57304,73.927715,,,,"Indian Institute of Tropical Meteorology","CPCB"
11609,"Mhada Colony, Pune - IITM","pm10",31.04,"µg/m³","2025-07-24T22:45:00Z","2025-07-25T04:15:00+05:30","Asia/Kolkata",18.57304,73.927715,,,,"Indian Institute of Tropical Meteorology","CPCB"
11609,"Mhada Colony, Pune - IITM","pm10",29.92,"µg/m³","2025-07-24T23:00:00Z","2025-07-25T04:30:00+05:30","Asia/Kolkata",18.57304,73.927715,,,,"Indian Institute of Tropical Meteorology","CPCB"
11609,"Mhada Colony, Pune - IITM","pm10",29.92,"µg/m³","2025-07-24T23:15:00Z","2025-07-25T04:45:00+05:30","Asia/Kolkata",18.57304,73.927715,,,,"Indian Institute of Tropical Meteorology","CPCB"
11609,"Mhada Colony, Pune - IITM","pm10",29.92,"µg/m³","2025-07-24T23:30:00Z","2025-07-25T05:00:00+05:30","Asia/Kolkata",18.57304,73.927715,,,,"Indian Institute of Tropical Meteorology","CPCB"
11609,"Mhada Colony, Pune - IITM","pm10",28.63,"µg/m³","2025-07-24T23:45:00Z","2025-07-25T05:15:00+05:30","Asia/Kolkata",18.57304,73.927715,,,,"Indian Institute of Tropical Meteorology","CPCB"
11609,"Mhada Colony, Pune - IITM","pm10",28.3,"µg/m³","2025-07-25T00:00:00Z","2025-07-25T05:30:00+05:30","Asia/Kolkata",18.57304,73.927715,,,,"Indian Institute of Tropical Meteorology","CPCB"
11609,"Mhada Colony, Pune - IITM","pm25",28.37,"µg/m³","2025-07-24T00:15:00Z","2025-07-24T05:45:00+05:30","Asia/Kolkata",18.57304,73.927715,,,,"Indian Institute of Tropical Meteorology","CPCB"
11609,"Mhada Colony, Pune - IITM","pm25",28.37,"µg/m³","2025-07-24T00:30:00Z","2025-07-24T06:00:00+05:30","Asia/Kolkata",18.57304,73.927715,,,,"Indian Institute of Tropical Meteorology","CPCB"
11609,"Mhada Colony, Pune - IITM","pm25",20.15,"µg/m³","2025-07-24T00:45:00Z","2025-07-24T06:15:00+05:30","Asia/Kolkata",18.57304,73.927715,,,,"Indian Institute of Tropical Meteorology","CPCB"
11609,"Mhada Colony, Pune - IITM","pm25",18.1,"µg/m³","2025-07-24T01:00:00Z","2025-07-24T06:30:00+05:30","Asia/Kolkata",18.57304,73.927715,,,,"Indian Institute of Tropical Meteorology","CPCB"
11609,"Mhada Colony, Pune - IITM","pm25",18.1,"µg/m³","2025-07-24T01:15:00Z","2025-07-24T06:45:00+05:30","Asia/Kolkata",18.57304,73.927715,,,,"Indian Institute of Tropical Meteorology","CPCB"
11609,"Mhada Colony, Pune - IITM","pm25",18.1,"µg/m³","2025-07-24T01:30:00Z","2025-07-24T07:00:00+05:30","Asia/Kolkata",18.57304,73.927715,,,,"Indian Institute of Tropical Meteorology","CPCB"
11609,"Mhada Colony, Pune - IITM","pm25",20.37,"µg/m³","2025-07-24T01:45:00Z","2025-07-24T07:15:00+05:30","Asia/Kolkata",18.57304,73.927715,,,,"Indian Institute of Tropical Meteorology","CPCB"
11609,"Mhada Colony, Pune - IITM","pm25",20.94,"µg/m³","2025-07-24T02:00:00Z","2025-07-24T07:30:00+05:30","Asia/Kolkata",18.57304,73.927715,,,,"Indian Institute of Tropical Meteorology","CPCB"
11609,"Mhada Colony, Pune - IITM","pm25",20.94,"µg/m³","2025-07-24T02:15:00Z","2025-07-24T07:45:00+05:30","Asia/Kolkata",18.57304,73.927715,,,,"Indian Institute of Tropical Meteorology","CPCB"
11609,"Mhada Colony, Pune - IITM","pm25",20.94,"µg/m³","2025-07-24T02:30:00Z","2025-07-24T08:00:00+05:30","Asia/Kolkata",18.57304,73.927715,,,,"Indian Institute of Tropical Meteorology","CPCB"
11609,"Mhada Colony, Pune - IITM","pm25",25.18,"µg/m³","2025-07-24T02:45:00Z","2025-07-24T08:15:00+05:30","Asia/Kolkata",18.57304,73.927715,,,,"Indian Institute of Tropical Meteorology","CPCB"
11609,"Mhada Colony, Pune - IITM","pm25",26.23,"µg/m³","2025-07-24T03:00:00Z","2025-07-24T08:30:00+05:30","Asia/Kolkata",18.57304,73.927715,,,,"Indian Institute of Tropical Meteorology","CPCB"
11609,"Mhada Colony, Pune - IITM","pm25",26.23,"µg/m³","2025-07-24T03:15:00Z","2025-07-24T08:45:00+05:30","Asia/Kolkata",18.57304,73.927715,,,,"Indian Institute of Tropical Meteorology","CPCB"
11609,"Mhada Colony, Pune - IITM","pm25",26.23,"µg/m³","2025-07-24T03:30:00Z","2025-07-24T09:00:00+05:30","Asia/Kolkata",18.57304,73.927715,,,,"Indian Institute of Tropical Meteorology","CPCB"
11609,"Mhada Colony, Pune - IITM","pm25",21.7,"µg/m³","2025-07-24T03:45:00Z","2025-07-24T09:15:00+05:30","Asia/Kolkata",18.57304,73.927715,,,,"Indian Institute of Tropical Meteorology","CPCB"
11609,"Mhada Colony, Pune - IITM","pm25",20.57,"µg/m³","2025-07-24T04:00:00Z","2025-07-24T09:30:00+05:30","Asia/Kolkata",18.57304,73.927715,,,,"Indian Institute of Tropical Meteorology","CPCB"
11609,"Mhada Colony, Pune - IITM","pm25",20.57,"µg/m³","2025-07-24T04:15:00Z","2025-07-24T09:45:00+05:30","Asia/Kolkata",18.57304,73.927715,,,,"Indian Institute of Tropical Meteorology","CPCB"
11609,"Mhada Colony, Pune - IITM","pm25",20.57,"µg/m³","2025-07-24T04:30:00Z","2025-07-24T10:00:00+05:30","Asia/Kolkata",18.57304,73.927715,,,,"Indian Institute of Tropical Meteorology","CPCB"
11609,"Mhada Colony, Pune - IITM","pm25",15.22,"µg/m³","2025-07-24T04:45:00Z","2025-07-24T10:15:00+05:30","Asia/Kolkata",18.57304,73.927715,,,,"Indian Institute of Tropical Meteorology","CPCB"
11609,"Mhada Colony, Pune - IITM","pm25",13.89,"µg/m³","2025-07-24T05:00:00Z","2025-07-24T10:30:00+05:30","Asia/Kolkata",18.57304,73.927715,,,,"Indian Institute of Tropical Meteorology","CPCB"
11609,"Mhada Colony, Pune - IITM","pm25",13.89,"µg/m³","2025-07-24T05:15:00Z","2025-07-24T10:45:00+05:30","Asia/Kolkata",18.57304,73.927715,,,,"Indian Institute of Tropical Meteorology","CPCB"
11609,"Mhada Colony, Pune - IITM","pm25",13.89,"µg/m³","2025-07-24T05:30:00Z","2025-07-24T11:00:00+05:30","Asia/Kolkata",18.57304,73.927715,,,,"Indian Institute of Tropical Meteorology","CPCB"
11609,"Mhada Colony, Pune - IITM","pm25",15.63,"µg/m³","2025-07-24T05:45:00Z","2025-07-24T11:15:00+05:30","Asia/Kolkata",18.57304,73.927715,,,,"Indian Institute of Tropical Meteorology","CPCB"
11609,"Mhada Colony, Pune - IITM","pm25",16.07,"µg/m³","2025-07-24T06:00:00Z","2025-07-24T11:30:00+05:30","Asia/Kolkata",18.57304,73.927715,,,,"Indian Institute of Tropical Meteorology","CPCB"
11609,"Mhada Colony, Pune - IITM","pm25",16.07,"µg/m³","2025-07-24T06:15:00Z","2025-07-24T11:45:00+05:30","Asia/Kolkata",18.57304,73.927715,,,,"Indian Institute of Tropical Meteorology","CPCB"
11609,"Mhada Colony, Pune - IITM","pm25",16.07,"µg/m³","2025-07-24T06:30:00Z","2025-07-24T12:00:00+05:30","Asia/Kolkata",18.57304,73.927715,,,,"Indian Institute of Tropical Meteorology","CPCB"
11609,"Mhada Colony, Pune - IITM","pm25",18.47,"µg/m³","2025-07-24T06:45:00Z","2025-07-24T12:15:00+05:30","Asia/Kolkata",18.57304,73.927715,,,,"Indian Institute of Tropical Meteorology","CPCB"
11609,"Mhada Colony, Pune - IITM","pm25",19.07,"µg/m³","2025-07-24T07:00:00Z","2025-07-24T12:30:00+05:30","Asia/Kolkata",18.57304,73.927715,,,,"Indian Institute of Tropical Meteorology","CPCB"
11609,"Mhada Colony, Pune - IITM","pm25",19.07,"µg/m³","2025-07-24T07:15:00Z","2025-07-24T12:45:00+05:30","Asia/Kolkata",18.57304,73.927715,,,,"Indian Institute of Tropical Meteorology","CPCB"
11609,"Mhada Colony, Pune - IITM","pm25",19.07,"µg/m³","2025-07-24T07:30:00Z","2025-07-24T13:00:00+05:30","Asia/Kolkata",18.57304,73.927715,,,,"Indian Institute of Tropical Meteorology","CPCB"
11609,"Mhada Colony, Pune - IITM","pm25",15.63,"µg/m³","2025-07-24T07:45:00Z","2025-07-24T13:15:00+05:30","Asia/Kolkata",18.57304,73.927715,,,,"Indian Institute of Tropical Meteorology","CPCB"
11609,"Mhada Colony, Pune - IITM","pm25",14.77,"µg/m³","2025-07-24T08:00:00Z","2025-07-24T13:30:00+05:30","Asia/Kolkata",18.57304,73.927715,,,,"Indian Institute of Tropical Meteorology","CPCB"
11609,"Mhada Colony, Pune - IITM","pm25",14.77,"µg/m³","2025-07-24T08:15:00Z","2025-07-24T13:45:00+05:30","Asia/Kolkata",18.57304,73.927715,,,,"Indian Institute of Tropical Meteorology","CPCB"
11609,"Mhada Colony, Pune - IITM","pm25",14.77,"µg/m³","2025-07-24T08:30:00Z","2025-07-24T14:00:00+05:30","Asia/Kolkata",18.57304,73.927715,,,,"Indian Institute of Tropical Meteorology","CPCB"
11609,"Mhada Colony, Pune - IITM","pm25",16.18,"µg/m³","2025-07-24T08:45:00Z","2025-07-24T14:15:00+05:30","Asia/Kolkata",18.57304,73.927715,,,,"Indian Institute of Tropical Meteorology","CPCB"
11609,"Mhada Colony, Pune - IITM","pm25",16.53,"µg/m³","2025-07-24T09:00:00Z","2025-07-24T14:30:00+05:30","Asia/Kolkata",18.57304,73.927715,,,,"Indian Institute of Tropical Meteorology","CPCB"
11609,"Mhada Colony, Pune - IITM","pm25",16.53,"µg/m³","2025-07-24T09:15:00Z","2025-07-24T14:45:00+05:30","Asia/Kolkata",18.57304,73.927715,,,,"Indian Institute of Tropical Meteorology","CPCB"
11609,"Mhada Colony, Pune - IITM","pm25",16.53,"µg/m³","2025-07-24T09:30:00Z","2025-07-24T15:00:00+05:30","Asia/Kolkata",18.57304,73.927715,,,,"Indian Institute of Tropical Meteorology","CPCB"
11609,"Mhada Colony, Pune - IITM","pm25",15.4,"µg/m³","2025-07-24T09:45:00Z","2025-07-24T15:15:00+05:30","Asia/Kolkata",18.57304,73.927715,,,,"Indian Institute of Tropical Meteorology","CPCB"
11609,"Mhada Colony, Pune - IITM","pm25",15.12,"µg/m³","2025-07-24T10:00:00Z","2025-07-24T15:30:00+05:30","Asia/Kolkata",18.57304,73.927715,,,,"Indian Institute of Tropical Meteorology","CPCB"
11609,"Mhada Colony, Pune - IITM","pm25",17.16,"µg/m³","2025-07-24T12:15:00Z","2025-07-24T17:45:00+05:30","Asia/Kolkata",18.57304,73.927715,,,,"Indian Institute of Tropical Meteorology","CPCB"
11609,"Mhada Colony, Pune - IITM","pm25",17.16,"µg/m³","2025-07-24T12:30:00Z","2025-07-24T18:00:00+05:30","Asia/Kolkata",18.57304,73.927715,,,,"Indian Institute of Tropical Meteorology","CPCB"
11609,"Mhada Colony, Pune - IITM","pm25",23.7,"µg/m³","2025-07-24T12:45:00Z","2025-07-24T18:15:00+05:30","Asia/Kolkata",18.57304,73.927715,,,,"Indian Institute of Tropical Meteorology","CPCB"
11609,"Mhada Colony, Pune - IITM","pm25",25.33,"µg/m³","2025-07-24T13:00:00Z","2025-07-24T18:30:00+05:30","Asia/Kolkata",18.57304,73.927715,,,,"Indian Institute of Tropical Meteorology","CPCB"
11609,"Mhada Colony, Pune - IITM","pm25",25.33,"µg/m³","2025-07-24T13:15:00Z","2025-07-24T18:45:00+05:30","Asia/Kolkata",18.57304,73.927715,,,,"Indian Institute of Tropical Meteorology","CPCB"
11609,"Mhada Colony, Pune - IITM","pm25",25.33,"µg/m³","2025-07-24T13:30:00Z","2025-07-24T19:00:00+05:30","Asia/Kolkata",18.57304,73.927715,,,,"Indian Institute of Tropical Meteorology","CPCB"
11609,"Mhada Colony, Pune - IITM","pm25",23.63,"µg/m³","2025-07-24T13:45:00Z","2025-07-24T19:15:00+05:30","Asia/Kolkata",18.57304,73.927715,,,,"Indian Institute of Tropical Meteorology","CPCB"
11609,"Mhada Colony, Pune - IITM","pm25",23.2,"µg/m³","2025-07-24T14:00:00Z","2025-07-24T19:30:00+05:30","Asia/Kolkata",18.57304,73.927715,,,,"Indian Institute of Tropical Meteorology","CPCB"
11609,"Mhada Colony, Pune - IITM","pm25",23.2,"µg/m³","2025-07-24T14:15:00Z","2025-07-24T19:45:00+05:30","Asia/Kolkata",18.57304,73.927715,,,,"Indian Institute of Tropical Meteorology","CPCB"
11609,"Mhada Colony, Pune - IITM","pm25",23.2,"µg/m³","2025-07-24T14:30:00Z","2025-07-24T20:00:00+05:30","Asia/Kolkata",18.57304,73.927715,,,,"Indian Institute of Tropical Meteorology","CPCB"
11609,"Mhada Colony, Pune - IITM","pm25",26.16,"µg/m³","2025-07-24T14:45:00Z","2025-07-24T20:15:00+05:30","Asia/Kolkata",18.57304,73.927715,,,,"Indian Institute of Tropical Meteorology","CPCB"
11609,"Mhada Colony, Pune - IITM","pm25",26.91,"µg/m³","2025-07-24T15:00:00Z","2025-07-24T20:30:00+05:30","Asia/Kolkata",18.57304,73.927715,,,,"Indian Institute of Tropical Meteorology","CPCB"
11609,"Mhada Colony, Pune - IITM","pm25",26.91,"µg/m³","2025-07-24T15:15:00Z","2025-07-24T20:45:00+05:30","Asia/Kolkata",18.57304,73.927715,,,,"Indian Institute of Tropical Meteorology","CPCB"
11609,"Mhada Colony, Pune - IITM","pm25",26.91,"µg/m³","2025-07-24T15:30:00Z","2025-07-24T21:00:00+05:30","Asia/Kolkata",18.57304,73.927715,,,,"Indian Institute of Tropical Meteorology","CPCB"
11609,"Mhada Colony, Pune - IITM","pm25",28.38,"µg/m³","2025-07-24T15:45:00Z","2025-07-24T21:15:00+05:30","Asia/Kolkata",18.57304,73.927715,,,,"Indian Institute of Tropical Meteorology","CPCB"
11609,"Mhada Colony, Pune - IITM","pm25",28.75,"µg/m³","2025-07-24T16:00:00Z","2025-07-24T21:30:00+05:30","Asia/Kolkata",18.57304,73.927715,,,,"Indian Institute of Tropical Meteorology","CPCB"
11609,"Mhada Colony, Pune - IITM","pm25",28.75,"µg/m³","2025-07-24T16:15:00Z","2025-07-24T21:45:00+05:30","Asia/Kolkata",18.57304,73.927715,,,,"Indian Institute of Tropical Meteorology","CPCB"
11609,"Mhada Colony, Pune - IITM","pm25",28.75,"µg/m³","2025-07-24T16:30:00Z","2025-07-24T22:00:00+05:30","Asia/Kolkata",18.57304,73.927715,,,,"Indian Institute of Tropical Meteorology","CPCB"
11609,"Mhada Colony, Pune - IITM","pm25",23.83,"µg/m³","2025-07-24T16:45:00Z","2025-07-24T22:15:00+05:30","Asia/Kolkata",18.57304,73.927715,,,,"Indian Institute of Tropical Meteorology","CPCB"
11609,"Mhada Colony, Pune - IITM","pm25",22.6,"µg/m³","2025-07-24T17:00:00Z","2025-07-24T22:30:00+05:30","Asia/Kolkata",18.57304,73.927715,,,,"Indian Institute of Tropical Meteorology","CPCB"
11609,"Mhada Colony, Pune - IITM","pm25",22.6,"µg/m³","2025-07-24T17:15:00Z","2025-07-24T22:45:00+05:30","Asia/Kolkata",18.57304,73.927715,,,,"Indian Institute of Tropical Meteorology","CPCB"
11609,"Mhada Colony, Pune - IITM","pm25",22.6,"µg/m³","2025-07-24T17:30:00Z","2025-07-24T23:00:00+05:30","Asia/Kolkata",18.57304,73.927715,,,,"Indian Institute of Tropical Meteorology","CPCB"
11609,"Mhada Colony, Pune - IITM","pm25",20.66,"µg/m³","2025-07-24T17:45:00Z","2025-07-24T23:15:00+05:30","Asia/Kolkata",18.57304,73.927715,,,,"Indian Institute of Tropical Meteorology","CPCB"
11609,"Mhada Colony, Pune - IITM","pm25",20.18,"µg/m³","2025-07-24T18:00:00Z","2025-07-24T23:30:00+05:30","Asia/Kolkata",18.57304,73.927715,,,,"Indian Institute of Tropical Meteorology","CPCB"
11609,"Mhada Colony, Pune - IITM","pm25",22.22,"µg/m³","2025-07-24T19:15:00Z","2025-07-25T00:45:00+05:30","Asia/Kolkata",18.57304,73.927715,,,,"Indian Institute of Tropical Meteorology","CPCB"
11609,"Mhada Colony, Pune - IITM","pm25",22.22,"µg/m³","2025-07-24T19:30:00Z","2025-07-25T01:00:00+05:30","Asia/Kolkata",18.57304,73.927715,,,,"Indian Institute of Tropical Meteorology","CPCB"
11609,"Mhada Colony, Pune - IITM","pm25",16.22,"µg/m³","2025-07-24T19:45:00Z","2025-07-25T01:15:00+05:30","Asia/Kolkata",18.57304,73.927715,,,,"Indian Institute of Tropical Meteorology","CPCB"
11609,"Mhada Colony, Pune - IITM","pm25",14.83,"µg/m³","2025-07-24T20:00:00Z","2025-07-25T01:30:00+05:30","Asia/Kolkata",18.57304,73.927715,,,,"Indian Institute of Tropical Meteorology","CPCB"
11609,"Mhada Colony, Pune - IITM","pm25",14.83,"µg/m³","2025-07-24T20:15:00Z","2025-07-25T01:45:00+05:30","Asia/Kolkata",18.57304,73.927715,,,,"Indian Institute of Tropical Meteorology","CPCB"
11609,"Mhada Colony, Pune - IITM","pm25",14.83,"µg/m³","2025-07-24T20:30:00Z","2025-07-25T02:00:00+05:30","Asia/Kolkata",18.57304,73.927715,,,,"Indian Institute of Tropical Meteorology","CPCB"
11609,"Mhada Colony, Pune - IITM","pm25",14.61,"µg/m³","2025-07-24T20:45:00Z","2025-07-25T02:15:00+05:30","Asia/Kolkata",18.57304,73.927715,,,,"Indian Institute of Tropical Meteorology","CPCB"
11609,"Mhada Colony, Pune - IITM","pm25",14.55,"µg/m³","2025-07-24T21:00:00Z","2025-07-25T02:30:00+05:30","Asia/Kolkata",18.57304,73.927715,,,,"Indian Institute of Tropical Meteorology","CPCB"
11609,"Mhada Colony, Pune - IITM","pm25",14.55,"µg/m³","2025-07-24T21:15:00Z","2025-07-25T02:45:00+05:30","Asia/Kolkata",18.57304,73.927715,,,,"Indian Institute of Tropical Meteorology","CPCB"
11609,"Mhada Colony, Pune - IITM","pm25",14.55,"µg/m³","2025-07-24T21:30:00Z","2025-07-25T03:00:00+05:30","Asia/Kolkata",18.57304,73.927715,,,,"Indian Institute of Tropical Meteorology","CPCB"
11609,"Mhada Colony, Pune - IITM","pm25",13.04,"µg/m³","2025-07-24T21:45:00Z","2025-07-25T03:15:00+05:30","Asia/Kolkata",18.57304,73.927715,,,,"Indian Institute of Tropical Meteorology","CPCB"
11609,"Mhada Colony, Pune - IITM","pm25",12.69,"µg/m³","2025-07-24T22:00:00Z","2025-07-25T03:30:00+05:30","Asia/Kolkata",18.57304,73.927715,,,,"Indian Institute of Tropical Meteorology","CPCB"
11609,"Mhada Colony, Pune - IITM","pm25",12.69,"µg/m³","2025-07-24T22:15:00Z","2025-07-25T03:45:00+05:30","Asia/Kolkata",18.57304,73.927715,,,,"Indian Institute of Tropical Meteorology","CPCB"
11609,"Mhada Colony, Pune - IITM","pm25",12.69,"µg/m³","2025-07-24T22:30:00Z","2025-07-25T04:00:00+05:30","Asia/Kolkata",18.57304,73.927715,,,,"Indian Institute of Tropical Meteorology","CPCB"
11609,"Mhada Colony, Pune - IITM","pm25",16.81,"µg/m³","2025-07-24T22:45:00Z","2025-07-25T04:15:00+05:30","Asia/Kolkata",18.57304,73.927715,,,,"Indian Institute of Tropical Meteorology","CPCB"
11609,"Mhada Colony, Pune - IITM","pm25",17.76,"µg/m³","2025-07-24T23:00:00Z","2025-07-25T04:30:00+05:30","Asia/Kolkata",18.57304,73.927715,,,,"Indian Institute of Tropical Meteorology","CPCB"
11609,"Mhada Colony, Pune - IITM","pm25",17.76,"µg/m³","2025-07-24T23:15:00Z","2025-07-25T04:45:00+05:30","Asia/Kolkata",18.57304,73.927715,,,,"Indian Institute of Tropical Meteorology","CPCB"
11609,"Mhada Colony, Pune - IITM","pm25",17.76,"µg/m³","2025-07-24T23:30:00Z","2025-07-25T05:00:00+05:30","Asia/Kolkata",18.57304,73.927715,,,,"Indian Institute of Tropical Meteorology","CPCB"
11609,"Mhada Colony, Pune - IITM","pm25",14.41,"µg/m³","2025-07-24T23:45:00Z","2025-07-25T05:15:00+05:30","Asia/Kolkata",18.57304,73.927715,,,,"Indian Institute of Tropical Meteorology","CPCB"
11609,"Mhada Colony, Pune - IITM","pm25",13.63,"µg/m³","2025-07-25T00:00:00Z","2025-07-25T05:30:00+05:30","Asia/Kolkata",18.57304,73.927715,,,,"Indian Institute of Tropical Meteorology","CPCB"